left_shoulder,left_elbow,left_wrist,left_hip,left_knee,left_ankle,right_shoulder,right_elbow,right_wrist,right_hip,right_knee,right_ankle
12.637500425739523,10.756756992921504,179.7596119526872,33.911871491089705,58.99485848002036,125.32201774146763,29.416933000697533,22.831422016543012,147.9154841556588,43.033389875818166,54.159709694834596,141.41933295349133
11.56754362366687,34.23906423164305,175.09393743326768,61.454431040425916,73.08388027862249,128.45380504817282,21.23471501105362,5.893880891873601,161.45419735449545,56.69690801453349,70.22301392088355,142.1669588945048
12.925360246589728,41.20342810428283,170.6514476292218,66.83377455307894,70.682953187666,125.39106346325676,19.371510832580054,29.180512920446215,169.90075311827772,65.7109976293516,63.53251757978075,142.21609270095334
6.12250851859172,45.9195784861374,171.27277058432472,82.96356525435274,61.517654344765816,112.3177962387477,16.913383161393444,34.038258854945,171.897074196501,71.65230234998566,60.08117405518764,125.23459667965346
5.9307968138936005,48.70954736273442,164.74293997269282,80.0052858375185,59.20354531457217,113.6973515819591,4.976655895463152,32.2158451383129,166.78163954623622,81.11199735534252,63.54795237655211,121.9231977434156
2.7366482239535905,47.006694211986485,164.0294132732718,78.4026479830894,51.51821480861881,110.48582499590759,10.036810380111737,39.42025194779399,173.21982316812063,83.70429193905157,56.27492692051335,119.81651889649135
3.2377007636310093,43.95717295117199,163.99399453013268,77.06606949963839,48.206314501688446,109.05524896587559,0.48642323100750895,43.38517661045678,174.68917707556176,82.30650365025109,52.32554544083987,117.0496702107267
6.633848089952136,41.23309822175257,166.9691213779007,74.4405003312215,44.88087936282931,108.57540097320835,1.584813120986853,47.57098006682699,176.81759242532925,79.69020622475436,49.10232825540308,117.80465672341539
6.849619152867365,41.629407732020816,171.95014737517948,72.55541728129451,45.24847339349846,108.72455601592975,13.484556138473,48.428756809730324,169.22641540253866,74.55004524123049,50.858613673064745,111.38170518355832
10.452620127247352,39.649417487074686,170.6740443944127,68.9175013856669,44.84290375082636,106.02913449291965,15.106571398465539,46.393104923989355,177.414514030498,69.1297826697225,51.21790439734676,116.64540126527709
14.03488087121718,34.87020873642335,168.9473600039402,62.4565314099781,43.38578304406085,106.1611204135766,18.670963149646045,46.69776874079936,177.71130135355287,61.09949963987519,48.68822369085754,116.08303338826717
16.15387247453034,31.50827092556249,171.7492135273067,56.82822324891113,42.00445117004752,106.16930882981539,19.658586605140137,36.48356804475401,175.39353380911746,54.103425059684206,47.46250893564048,113.12036019270253
16.581496580426794,30.227132566733573,173.3610113668443,52.604849559193156,41.38947114378924,108.52161783274391,24.01459105734622,41.19344657847579,169.50376597219457,47.60326152846623,45.692344848431674,115.05596698162309
17.35423425105004,28.866244926904816,167.6697406949916,47.240088032929634,41.33298585573956,111.6075239299041,14.11488118621694,26.582450304647136,174.64398995935767,37.11523542146229,40.56888280843426,109.39928048279968
18.438508385206042,27.417662219721155,167.97823266005616,44.375430578770484,41.11315064968114,110.83922209626544,16.78413382549471,33.0563762564333,175.53300755730868,35.73407562652523,40.18601869559505,112.02804945291403
18.594427742456176,26.66849285808566,163.82997466640364,44.00499637933124,42.322780814070256,110.04738737856684,24.668191185935473,32.83058134945531,166.7393574540001,31.27163555658014,37.56072551296274,135.84167622532695
18.420126149129928,27.755747736818087,162.65526248159497,43.251029645759665,43.041171404373756,110.18554509507669,22.52572391795199,26.222638866660947,177.39585522500118,31.60213761891705,39.970617326555825,122.68902009166608
16.984944451413302,28.02025086561647,162.00288455147052,41.92786417688706,43.20434159912693,110.35103563596803,24.965969589043876,33.69286507846603,175.99443727612683,32.22818228278699,41.8030871142623,121.046606273067
15.300982994586205,28.448594933850767,165.02602133530831,42.163452660607426,43.28452744714182,111.3875475350448,21.542196665972412,38.25695566923646,179.38237944739538,34.740879668552104,40.91221935985571,121.08283932715875
13.379561602372238,28.96407755123354,164.73199917732737,42.52218203858227,42.945756902216544,111.22241251203866,20.385761050211705,36.494075746542684,176.60891904166263,36.15033491684357,40.71363201952635,123.74237499958133
10.081829030940577,29.193284642870918,164.96441174440744,43.327466721418425,43.81511934861249,111.37767431923915,22.060710479582152,33.47809908089416,177.94117536550263,37.22357951776298,43.62817213507827,120.39321214992313
5.094577423813116,27.261083978398062,174.0954557629178,42.71733361403241,44.77751668959188,113.55276202265547,20.06440879321661,37.64531072499017,178.4580426036737,39.54834898853133,45.86192140881231,121.43761463506266
4.381291060784672,28.750897362645443,167.5764864412112,45.06540427038089,47.57135107595328,112.83421894477124,26.63409896580522,38.505221576718085,178.2467553809666,42.93941751174423,49.39148076078609,126.28770543582046
9.563161106191172,29.976074382792888,166.3572781459448,48.36406112354218,48.77373919541505,113.5969425806153,32.9875215978233,37.19001764458108,174.47321164608226,47.172942054962995,49.82210909700161,122.77826883952514
18.69396944614846,36.07704472160137,172.66664833703686,53.39045526050733,50.31291899151586,112.58836903040202,55.54402131040493,50.85431766631324,176.33659247120423,51.12825329121922,51.38211726407666,120.20238896137828
29.20422598050128,42.739219734642965,170.4611071922184,56.364045857922825,52.4309331618116,110.49060619045004,60.97863955095833,45.287970233751366,164.21477897568306,54.595705154333565,54.722663270449466,120.15128904099602
27.63601252981621,42.10440009651035,168.1854829835253,60.988233842965556,51.76506582706537,108.46259546921922,57.44195673999565,46.07731479406118,176.41533609353343,58.33045420933822,54.8212035796013,119.69113271981075
29.315188082522393,44.65935217544967,166.19941128691747,67.67115424184524,54.93776458635035,110.22398574892777,24.326218724802025,27.424184007982067,170.77940697005525,62.99075192669385,57.58237107716138,122.20121152287598
43.97378477499674,62.74681679676384,152.64488879693658,79.89854925085098,54.66258806930814,110.55081600538578,30.164495956124366,30.579381744602475,172.30150869443423,67.81406585372054,56.85284211881286,122.29000846618327
47.71725881529035,61.53411438695059,166.32346751828146,83.61476792342727,53.910584308331714,110.82441265646658,27.295844946731982,33.51886357363993,173.6752979583453,73.62987169162794,53.9399620049595,123.56473377525248
41.5849329614993,66.21821997499733,156.28748924534221,95.3412868345688,55.754962017411856,113.56127420253672,40.836685718511276,44.237016779385485,160.30021995346752,83.4732655806178,57.155243443638405,122.60905949891215
15.37814853198766,51.50650972778945,144.68911716506167,101.88036489355045,57.19032516772391,115.93479912624595,24.162106998430055,45.48065568486055,166.82436554508197,93.78071760045073,57.319999144076675,123.49634289434103
37.534483930556675,75.52928024192586,120.94857978519447,106.56294728929548,56.95667611674356,114.1125155777215,75.52748728788205,81.99674744003342,154.05452084984586,101.11914627830691,57.89338037886756,122.57964717591085
34.80226484175427,81.61080707144426,153.4806784998558,112.41292015031321,57.52356966072582,113.8606953902477,6.16488672440377,29.80216991505124,147.234772627727,106.15695132481694,58.60675299260871,120.93858787472571
63.28795012366712,112.39870301674603,170.72795228821502,111.64746317305193,56.93434135139086,116.86802016666907,22.931738477965208,66.43063307405006,157.01929549795435,111.1549061000447,58.83196834722713,124.37386959402235
36.68186925688266,87.2684984627373,172.7927306260042,111.68060805520284,57.76958201237583,117.68633123182842,9.431419149520927,135.32739295416016,177.15891554569268,112.0448583257153,59.513750735042784,125.13420577586103
53.711591684999014,105.34501757338819,157.38173044978637,112.7322546820596,57.92352440945335,118.79313713093178,8.900662234979073,153.7338703995846,170.6351778014587,110.63699090673184,60.45262964329444,126.14975856187084
45.413982942283944,95.92744976178835,112.03572181740924,110.03552580609113,57.675136037679515,119.41469365889529,13.68085816242847,144.36625526187618,147.27325465453404,108.7301440781551,60.13972746994446,126.08613810053272
37.32146386522498,83.8730948003561,103.88840939293993,107.0422173395233,56.07625951210148,119.49425268348499,42.99141043612882,76.43632048168871,142.14616461768335,105.25016878524593,55.889971459275436,124.01764924865908
32.917687732352846,76.72171226884602,131.84705066338165,99.14907350855384,53.30449132791078,118.32147172660113,35.288046114383,70.78328399689313,165.68713925945596,103.00380673954874,53.63313447724133,122.86382440502427
25.41939433398441,62.847764735936025,138.73621386020227,86.84639693696515,48.10785484498902,116.08487709791235,28.78602163923215,70.00151406511581,164.80626475307812,101.84842187151257,50.48356291320302,121.48508293097608
28.934438646928058,59.383732145970264,141.81353562767129,82.2612845132724,47.61557097769542,114.92086168893645,23.83805601535871,66.06295340625375,155.66608021775835,99.5115862415798,49.85570235630396,119.98006712223085
33.871888783798354,62.877626357408694,149.52829831129273,75.32174488880699,45.243584176038034,112.28091754031823,21.049303613400443,56.927141022053576,167.9468639965077,91.86235164905773,47.91083429985043,118.12009254957104
33.47697490516354,53.705885977531615,145.19828666276248,64.35572820027801,44.901924985075155,111.51095763447516,34.46020992454207,70.88047054651584,168.0771928802093,83.66988773302246,49.989488646927754,117.54442801411962
31.952283591013384,50.18144312133409,151.35910358224206,58.20894749903952,43.53382525693726,107.08677662734554,40.30107377674057,85.93931114409494,154.20256481289917,82.01761338585008,49.0022814642108,116.29804013465184
36.899938913692495,52.890088758674665,156.88012609711214,54.168353530031865,43.073339903600306,103.09133647400793,35.270785331788716,79.78116882405756,170.66839541692391,71.34902502056683,46.69634539102482,126.40507696211333
34.639809805846845,54.51423678201572,157.5451323684731,51.912243115800486,43.885723235685624,104.85753123244014,23.353239898171818,44.252885427350314,166.84361342371656,53.986886050613066,47.087025242997775,123.7822431264287
35.83157439279442,48.27301995185724,159.4054436029526,45.025280783983476,42.13385511135256,105.05402861622989,27.571770627236802,41.758832085536696,165.6497193441149,46.66422992818088,43.198593693126575,131.26115818597677
31.43784349282021,47.18718822437596,176.0014068028055,42.93435329023002,42.13624121604037,105.41701443218125,33.057049586381744,44.69826071756461,171.49901067604506,41.65389177630694,42.64703525553479,121.35581216418915
39.168902425885925,54.118516588989365,153.27710709376484,36.1151778076922,41.08505457639613,104.54242478457671,33.96004106405392,58.00786732529468,157.0742182323068,41.02035746616992,42.067762028414236,125.46760792617545
31.04974902987452,50.41459273901648,179.32146589477142,35.43102698565424,40.65542089301735,106.8507608747467,38.12569148668603,59.38053477032075,158.70648762326974,30.189865914733275,36.94565181095342,129.64197590406866
25.371996462134362,44.824508879416534,159.16085463507497,29.502504468121124,40.473833825566004,107.86926147412295,36.65783616677743,57.7967592329071,172.57033776674527,30.695291074435875,39.67880068916868,133.42508767478128
26.00581879598162,50.22059284142668,174.59089231239895,32.82201114493927,40.24169242698142,109.58795215338719,39.179774202102905,53.47732806128923,167.24331597112982,27.351244585760874,39.15156528782438,134.4295051217021
25.49586180617934,46.34379452689052,168.90928557072962,34.61224724885403,42.12500440873405,110.58165293115167,34.29042301669662,50.04079043552739,172.43640844116786,29.756890965369628,40.32572962415002,131.48788370819463
27.11681808201187,42.74441051717285,166.46506513602228,35.34533485223216,42.474283400936706,112.09663386213559,32.20618003695245,51.3195334573733,173.59240854290417,32.88544918069454,43.074067098784774,136.24627209466558
24.853153904615176,47.752465895791346,151.9579734230754,36.98529066280884,43.22214441178334,110.36884130075924,29.650374055728978,58.00290751054374,168.1347486449832,35.175444668782504,45.149879192727894,120.41639941481041
24.62364164975023,38.54633249484238,155.6046694203183,36.97817435365198,46.75603566985847,112.25045723405404,17.95789350945355,40.60675612814641,177.87454410358097,43.63612929618618,50.383076026037585,125.34359206873084
25.793132555502524,33.43734830301949,169.44530259713102,40.9736657669689,49.0976778637061,109.51604655868088,19.929689083566505,38.784473772650614,179.39735252694229,47.9047148993044,53.06439880336268,126.8648275973584
26.96893744209408,33.16288006146173,165.08352547104067,45.43778323703459,49.87209485920719,108.01867485228117,20.06470002073717,33.542577261351795,178.40996787702917,50.67516261866836,53.77843352618706,127.2606581974209
32.712660308448655,37.9283390674271,164.7859922012685,50.83358511392027,50.94644826616864,106.16433646106593,23.253645734943742,30.14239988487796,164.8731092806929,52.86545098610299,54.80273257437382,124.37435914618497
37.35632007507622,43.386581532208716,146.1030109633183,54.26321730866003,51.52214541569776,107.75355651277067,33.05196730954009,34.28094341415552,166.56807966721084,57.075176628180465,56.09111901136817,124.38612528562983
44.02092564857199,52.62473248691463,135.12509057764484,59.46303852116345,52.19272127067676,110.14150554569959,35.82300206467842,38.04352430792671,146.60404091560926,60.31468735714414,56.49343177159263,121.76296258823136
45.39955526057491,57.08114065678532,128.6371298281535,66.34359132171843,52.563368289189526,110.42247383190312,46.521077957260076,46.05860048138036,138.4456523591834,65.58478020936874,55.34612575971759,120.442029132784
44.43056145265995,58.511013444688956,127.36741713170468,73.5718596811604,51.938471641873285,110.87644157545857,45.51626683993631,46.481738529895125,134.9680386510455,70.8857393645078,55.4333168053131,119.15854442781746
39.35605657420402,59.46047950397869,132.18397977457107,83.29081508476106,52.62517735749217,109.91505778791971,42.003695472275716,50.92171855026313,155.30440141851463,77.99940436232998,57.260398297078915,120.53390145962712
33.25112908939903,62.92586729976361,135.1928052710346,93.71473066637104,54.0408683653752,108.75459590199515,30.34534116818577,50.557389903020216,158.87224538369765,88.35896688104837,60.39218823308041,119.45794451257228
30.182511783574146,65.7936399599785,130.59339769986804,103.01395133274563,54.664616165031745,112.4761183472186,34.61879064928617,63.886881243113955,149.57869053231477,99.6961312326731,59.98712999417237,124.84850275719127
17.288086178736407,60.12881583828166,127.19850996287752,108.79820920993149,55.55385637850577,109.98076662419498,16.570208165697004,57.81489190557589,143.14832169355438,107.46244342696431,59.88121026131628,119.6314614404231
12.396200044810854,60.96366210355418,141.55578507860704,112.94693159653406,56.15817700766339,110.71553102110404,5.096342943356929,54.55226933527219,15.402698813356537,109.88349484614993,60.94904523278101,119.79196978502151
12.37299314061254,65.43506997374145,150.78189661195825,116.14283175236284,56.421468293257576,112.6619407666837,6.062417595730922,50.38987798891019,143.41785742102329,113.76479981448793,61.83296275267859,120.11010011314376
12.251602111713332,66.13806266237177,144.93268866471348,116.34803433814854,56.83502916641579,114.61873840523955,5.771331991448737,54.64118081059236,151.69443532037394,116.22040671481844,63.040303636200974,122.23209811930894
9.103779287671374,63.674736434165965,142.5632272927947,115.28881188585576,57.23469671117645,112.64934777322703,6.208084939234854,52.14369637082349,168.7499147238443,114.65693969199648,62.795855339161534,120.96687520634072
7.875113738090858,62.65976395460349,141.74033782529327,112.04740418183991,57.08508887898516,112.38207878827107,9.799512592236685,56.997478970098285,156.78384795227706,112.81721259093237,62.85042940411711,121.53311858347499
9.400519539129839,64.99779268388787,149.63516467021728,110.21856187825644,56.66112307364334,113.24027768519474,9.84662711858138,59.387395516684506,179.7467250840141,111.60044377815527,60.47620233065301,119.06031333131386
8.519123665916268,64.90547497350002,170.66354506439748,106.64845009871189,53.82415813250068,116.3564263749876,10.565415013317656,64.45757021981625,178.6720772645506,108.3794946821894,57.539063831139295,122.15246038893102
6.475403095581365,59.564303131494576,165.289269681126,100.9335465327745,50.07896630461294,116.08237561810654,32.73413255250462,79.02801307827252,171.4726635419701,104.85735725466273,55.6369373722412,120.95905006390284
0.7055180798000779,51.1821402669818,157.82469467157395,91.88661579165499,47.18274655336354,116.1524962041578,27.63169727462849,76.93482907524955,179.87113609065034,98.09210754134367,51.883820907682754,121.35136077048415
3.3890009027700767,52.13753953810484,156.95360153564732,85.71481863586415,44.322413111674486,114.16295534122169,37.008253827371874,85.1367712601414,179.7906186594759,90.5515186321888,47.89063335845354,118.1247676290149
3.624266786472917,50.74387395219257,160.23292328745262,79.82050970166983,43.11567564887812,110.4918334101709,41.99558566834731,91.13588143893553,167.9451561827695,85.98020443033792,47.72957642413955,112.16324589448286
2.8396612253503903,49.228144944862194,166.3367441708751,74.79180520836672,42.115403566993166,110.66041679027929,42.998843095821094,87.24645707462061,174.64116851963485,77.89871482360203,46.22613940952459,112.13673794314161
3.6592506233380635,45.66678081376025,164.3329370261086,73.2781823977132,42.244960322690055,108.8058950878702,32.88918765909653,73.56227962214994,167.67086251161842,74.74700038232778,45.36425225771549,109.35836223024477
8.085433932019145,39.88548854402344,166.83204558191883,67.92335348081309,41.34029894956024,107.51453112345924,21.880461111974036,56.10991755022303,171.73001744854997,68.82573592633779,46.3751927534157,110.45315251323305
12.189913134641863,36.01380387811454,171.21983287543102,65.56061035103106,40.98020929903803,101.82347538839872,26.635633551755713,49.58530924726311,175.76337975136175,56.3888223887859,44.77905906982643,107.42331259743199
14.910864955233816,29.403393263421705,173.81259359851026,59.63597984727825,40.6475465871429,101.74623197709428,27.12331413840039,40.37659233166479,174.1809915613349,47.87979108950365,43.29824282331846,103.73402840365301
15.701168273018295,23.53676796132044,168.12756657416742,55.027435564670284,40.9349534091927,102.38569327469423,24.048035906425447,39.263814589322884,173.3383000124499,44.55236553912191,41.817551375699004,99.53471612522956
16.391937273499927,20.550098481234272,171.05270278293665,51.17687373016599,41.4848824590537,104.13639850900782,25.957046126219698,40.45999261214935,178.92480063637817,38.29330789198622,41.00880506502355,102.83434190645197
18.346740478229037,20.70798835326953,170.8837423819061,49.21385765565891,41.76045300679617,103.58795882379862,24.697419602290847,35.61932035504847,174.90821258932468,33.48728350104057,39.81413597467057,103.35328890515007
19.154855035319674,21.702752676629892,168.91803320748906,47.327429438226325,41.82053915798751,103.1852967199308,25.867154566599474,33.63973304852036,177.1968374033644,30.963084242762555,37.678625890960944,111.44052541499362
18.805895931722993,22.6498318117281,166.19707430337283,45.71099135541132,41.62598015884491,103.53215949625535,29.9329477908353,40.61618948158786,178.61755419654045,32.77082073889911,38.20036416985759,113.71779115275517
16.970012464677737,24.295775957020403,164.11733361590052,45.604759345005,42.00098157727899,104.08301939684063,26.26902114622407,38.21052711790118,177.2058707576851,33.0996521976412,39.34074121008053,118.35646525866353
13.426372738247428,25.5104519413453,165.45909361004786,45.26421876425801,41.89493074151884,104.49845727921647,23.424779630624766,36.99457804465835,171.91625435528798,34.8895335343546,40.00804841279141,126.63104487912999
10.81819516935638,26.037643482076273,168.85035940678625,45.956238154420824,42.412242162438766,104.77926703395856,27.15713049603132,38.84896432553717,177.19406397094667,36.79791950480615,41.64960384514847,127.60214652220522
7.395136353499261,27.46359287761485,169.78918367882278,46.92580373450357,43.60331789042459,106.04949440999226,22.706072968041788,44.84536229509578,179.77838516509055,41.62725244222584,44.84803876126695,127.34442037211781
0.22214104678441238,30.907118932575415,153.03088688601986,47.34209284554581,46.283350498344916,109.68053962285494,24.15937579054513,41.142454896271126,166.3668778003002,46.41985562349026,47.957526407493674,134.15035429604177
7.5643976670246795,30.614302548793138,158.25555344522363,49.50401565753139,47.23099718250019,109.40228272621327,31.315494071063565,41.6523291398517,162.50530921931227,51.89944578725688,49.77451850988613,127.84803655509486
11.366351359492215,30.375126375988707,161.23990142896187,52.37920121078867,48.021989053028506,106.05311177081427,37.00761554229475,47.42814488859638,166.52063045643357,54.606160481198536,51.61605468022172,135.83820709541527
15.08431724027916,30.633087995794977,170.0867955669344,55.143958541217295,48.939372121162386,109.27916576530465,30.885480612637537,43.97464435780922,173.19706384926425,58.00024869438028,52.77885792629786,134.3079537576801
19.541804288722588,36.5209807090387,169.19517819917493,60.62101499881294,49.71894115434178,108.5187148244621,37.38131659004191,44.33168996712473,173.92782461107126,60.20409406837955,52.90240045962419,132.61310489980613
26.059870187759213,46.025291750281866,142.1914484333504,70.89612531823965,52.194850968785055,108.77052796543359,45.10309529665083,48.50583293103265,158.12719998569375,69.06783343504367,54.446358348589094,125.83911035002681
27.598609316137356,49.04672268184754,158.85168143683603,77.51205813158823,51.696711005200584,108.13648315622301,42.51281467539031,59.054816054531855,176.81030728926808,78.72831867423966,54.92137763259957,124.67379985331108
26.41758462824352,50.02141898099975,130.02773925043815,86.45462113562135,50.544295413820265,107.2808656474903,38.62427012371022,53.05102626674877,129.3642289025165,86.91993709236431,56.023822618632245,123.80627462601068
15.901641722893268,48.360237096020114,130.63133800825642,95.33502988253686,52.0223505807089,106.40922772580703,9.371733100275485,42.730152034047705,171.54027724498613,95.56833959987765,58.51885279810366,123.41492268610067
13.596939705842283,50.82289291910921,129.05290950906567,102.12343605370545,52.57128037623214,106.98715488927144,18.40692634392544,50.9748885622546,165.9939655864953,101.07883364929711,58.330655763669554,122.06299047435343
10.887518574785364,58.21694966780864,139.2488944380031,108.49240367005848,54.031027854792164,107.0778075798872,9.367296140403765,53.25608734542872,142.4980702801523,104.6242671471141,58.67052140861327,119.47852858233801
14.454606881043583,67.25366667481461,143.1870521444056,111.4669249460522,55.16941592897872,105.93675999446214,12.536401868312101,56.18375736138164,135.78378497158414,106.7667186332362,59.90915054016666,119.29563938201397
11.310519091013054,64.70526281535008,155.90154390131048,109.73861476093083,55.33310453505087,108.64989849518841,16.670379899937387,63.515440669922675,143.22932881091506,107.82939681880225,60.097488615945984,119.74842151758565
12.892905706343154,61.84736648195869,151.28000550254575,106.3731726350411,55.810107550154214,111.30432234824553,15.43576085166612,63.95701533247492,149.68537518888175,106.20486265235377,59.6073292638547,120.40438336247048
21.50860288689194,68.45448061934592,160.34765761776265,104.07230909642898,54.126425585578346,111.39124918091912,12.68872569372559,62.99099855834433,140.86006892215673,105.73055513317951,57.92866645322595,119.07004334679301
22.642662548649792,72.13830968944806,151.68909508691897,100.50558110936454,50.112022295236024,111.45416306464281,13.035476378873478,63.151461520547166,144.8206359572236,103.31985055065142,53.94287581950774,118.31007275666637
27.595611022180414,72.67278770837528,140.70247857184702,92.80649739152904,46.86766487097032,110.52431116808968,33.33534624831063,63.471295167539104,167.18582865295,99.89463787718934,50.14832618033445,118.4814804915341
31.703587030335562,74.30626528070336,135.69764057796868,85.22388472067668,44.69840601057078,112.32152973803325,42.24809478941269,60.71414113776982,170.45088106835934,94.00244245893244,46.82594630248063,119.74954355951132
29.768836506150734,63.58289166739905,140.45552112451657,74.81356044633041,42.43432241886434,110.87536066830177,28.844212988289446,69.06185780193981,171.2006165299602,87.7534412014849,45.45556121427902,118.3230231652978
31.1791469482373,60.42514003772998,149.3792937153979,65.94960755297238,40.81861169160623,110.20349513088208,12.593725845697533,52.63601489069916,160.6647159886225,84.28667219468136,45.93703397342527,116.57273641964878
28.065702922149864,51.9804483344292,151.48098137689763,58.563151577649286,38.993438637153936,108.81850539456663,25.25961389291936,64.45462320285144,178.7049639967447,85.06368678629612,45.08456846171048,116.12607201854911
35.203107089348784,52.225359631765954,153.73095401339046,51.648872854694545,39.51685387577798,105.99387512068618,9.8334361760994,54.751464621407,160.27405464618172,76.97829871222832,45.11961268324033,116.19912408016484
44.11148375998098,57.221044054546525,146.76152860647653,50.5383609793951,40.48446544244463,106.15865029858068,32.453241885323486,59.01434680067505,165.4872369127029,61.942808706598285,47.41061115876541,114.69798071903128
28.62880763971373,46.34958528714292,168.88933896751155,47.20367031739656,40.77822686465325,104.58025185819984,27.585806900020177,44.85406014437685,165.78776547076464,51.77727914609701,45.44290285199517,109.27057199259313
28.81835582946113,51.077254946779966,156.6421473903766,41.818090272154926,40.93531376988639,102.94269064202018,22.079500113528685,48.906111071942924,165.44282862253857,47.056885901731604,45.18424845911235,125.124438879058
24.105330724799757,42.547560525665276,158.47000042972726,36.04507718416921,41.50754516956679,100.24563241701196,19.52999420617222,55.11001339274648,159.29786681219113,45.432142855662704,46.38798789429184,129.5663980896223
30.49696755231279,49.22361045279624,163.87384969492828,37.204537904486855,41.68750610474682,99.07537565680936,35.74889091584718,65.64352577367708,165.42406057101928,35.10040006004444,40.64041329468504,130.66316109877798
28.983784035551576,50.38115080678924,160.28828950596443,36.15130486911385,40.90819978314177,101.36405929755423,37.85862217685096,59.84676205633708,162.42744432061588,33.30050442851401,41.97245828161563,128.8862212269506
19.048550480664375,38.494064943982586,159.7184591229004,31.543372709310916,41.65499129599301,102.08091395094908,27.11733413862879,50.62237357016553,163.3390387049116,32.17936458082825,41.74689660432963,122.61677002929869
21.226386326714493,40.46967168138274,174.9090148679771,34.67505860004703,41.92484795148321,103.4609193370756,27.396064358487482,47.635544432566526,178.97692866802555,32.41175002117254,41.98455281670344,116.32548957507619
21.903532784402206,37.836592801186974,167.4615126980746,34.019641233504366,43.19922360633842,104.66348360434341,24.47242639121542,49.28215396349051,174.65096305990113,35.1812586504902,43.27993760297815,134.10572181475226
24.322064930734243,39.28787340065938,168.2560628962951,36.039114504991254,45.009277157407766,106.03872288412721,26.349838206582643,47.986751768471834,175.8061098344982,36.70857776491469,45.886946930103534,125.78733408230485
17.009537811347702,35.29129882534823,171.97578278241863,36.14790239308557,46.310262701555665,106.81757190853014,18.358413307505216,44.258434460500204,166.69779730430483,40.70022464046517,47.86651240323023,134.02929577323908
17.755147489586587,35.28054937163243,167.74265291856116,41.364745093196454,49.52593325351892,107.26063021548356,17.30599034334964,35.7737981243877,167.88573374663744,43.25354652938284,50.42236602564143,134.96267066247913
17.42675612141241,30.753848919165776,170.8256129397251,44.882353760461726,50.07210120787556,108.97750574613922,13.56357179659713,25.691936867733716,179.57064339726932,44.5955059027793,51.42699438229662,136.54065857802664
20.74137096135466,32.814077319962905,170.33100813583357,49.64651376404412,50.88486022087322,108.44216695544192,11.259984750982968,22.96041295481287,179.92086053945658,49.30539194140145,52.212830578528546,139.06707865971828
27.775689719323317,40.04104722697474,170.50028056745202,53.15872612147198,49.894431963027145,107.90171869721743,18.167024775414124,24.44263366773984,171.8811603257978,51.751476039072564,51.82781093406115,128.00469693280917
29.164859068710708,45.08955366996037,160.68882950747073,57.84986160182963,49.3144879732256,105.77820136955684,24.182822219671255,29.135541173344386,159.46112712432966,54.590529706469994,52.062662473121875,122.96240718767655
28.638497770464614,47.10844255754094,158.25892813981696,64.13287134824142,49.5206242999348,107.07446557745875,24.559169860293174,35.381632989003414,162.463007080534,60.72539475229149,52.35384689095336,122.78653333253847
26.482249325926503,47.498156950255606,141.51028200241387,72.23538513770667,50.41549240064684,107.39263533266126,21.49113154051084,36.3368781862379,179.83727027688855,68.77044272399728,52.76613752433819,120.93545324635568
13.963609914410887,37.82988331614783,162.31926892266637,78.23835780315751,50.627514055828364,106.59651279743795,4.316747852504744,24.884703590806335,173.40699849705427,75.72229868365773,53.589239088769126,120.02865250965773
5.34632056719998,43.484330086025196,153.71083419330486,91.06832029125994,50.133693419860926,108.5208362068997,5.075980545956646,33.09906556481207,169.13507695989819,82.97711267269145,53.44597391926219,119.2666593159731
16.62521483937203,34.81133294453808,152.16927282827837,99.33193431802587,51.79933143073919,107.65883117480084,6.751457380405315,38.73703924917137,171.92468281671492,92.31645546093756,54.53384217478336,120.8289235988094
19.932529153558942,37.5524609002957,148.29170004683962,105.98795493947313,52.63057760028805,107.73375465002012,1.7359349013632586,47.04313420148626,168.78233941271466,101.10375913186346,54.26416063462194,119.75363544251091
21.91239106661257,40.10013174625966,153.88094022749974,109.94015236987973,52.75543709895989,107.34369258883473,0.7727011793224033,44.16204408742535,164.91529115160048,104.07786795370656,54.67095993422148,118.79071436809741
21.41661212632464,47.12960760849868,168.70207814948157,111.70577334426959,53.349359705350324,109.32575794014195,0.7329170035403226,48.042557532350195,173.34037870951056,106.24112699974215,55.215794518226026,119.00969585474539
18.428861048026487,52.82054399474416,168.87290044780306,112.00051255673718,53.64714510146836,108.55001865444198,1.6513788192271852,54.43431206109999,167.11090224953492,105.9782636958563,55.552374614134195,117.4028711054991
15.671598230776176,53.28906357377867,165.5857079073991,109.81856145280324,54.223371431521564,109.5092504734448,0.8577362540950806,57.972812350764606,166.05438441387741,106.5666418941151,55.931850272574586,117.83653873032115
14.484268019067972,52.57658617694669,174.46537530594657,109.6731101403831,54.41227603219899,110.86006159225394,1.355657373666402,59.597494637604,167.3662832273301,106.44425698397107,55.9251122025179,118.15186227109606
13.064870776567327,59.0654022801063,165.8303626242869,108.44510325340526,53.17373821064431,109.21088536593302,1.0062802059859919,61.68370728647109,161.67050658740203,105.42200822288737,55.78972311042296,117.30272764469925
12.594238090541369,60.77725461992612,163.8488811592714,107.90986939335093,50.93065204739244,107.89770894760932,3.2322228707953786,74.61068137286898,166.53021988942464,106.03750133536862,54.98164428993329,116.80608186595259
6.279774293934029,67.64753289276348,164.6546804024218,106.25108460232673,47.28574599899255,109.93227155677609,23.617667908338262,105.03468460104274,154.7628329654556,106.62058942855413,52.33481064958445,118.5576119990453
0.558476258383007,67.69441835066186,169.31762682634192,99.82201979815338,44.42207738966086,109.57029979700708,19.324972520965,96.27588129615387,162.10147138915713,99.5808235573781,49.08819494617915,118.89545282942862
2.9824554361694275,60.197728454448765,173.32985530642296,90.45812640713625,42.78055537198759,109.16942804542819,9.399086928052276,79.48368299774255,172.28720950615374,89.57327984559443,45.898068118056266,117.93680034412152
8.428822593057797,51.40100414370678,177.52818965432928,83.19106042879685,42.59987223636141,111.1228809682362,21.693873192421027,84.90801448641618,178.40405367216903,81.64793104510322,44.64288060807049,116.74129211366319
12.959083153044245,45.397813811541745,178.55182386666104,78.4228997449503,41.94689463927615,110.97001398611039,27.912800800739948,90.58475718616772,172.1333054307751,76.83971265274639,44.139258265343045,114.84277774747126
15.40121785751557,39.05805462046795,177.68572374552764,70.84189547285001,40.40816818204419,109.96423937736617,24.28518682601425,77.88499186712558,177.95212571632746,69.36337955242611,42.70501754222762,112.55353894275851
13.30788044102399,39.909123528438556,174.0818565581187,64.1419828342274,38.50328613870868,106.22542289190409,23.25685288919696,69.93656208597453,172.0344124639939,63.693074744741104,42.87989354308732,110.56576904692696
15.382738838450072,35.2714198593646,178.4693263120791,57.72821385513316,37.73897387822106,104.80802192624459,16.655910928111854,56.498615004504224,164.3660900045773,55.21177750288723,40.92342588044167,106.38496063477061
16.716169795266943,33.6486267167469,175.6550894742853,55.38225853157761,37.8576249098174,104.8731712992485,17.108619199215294,61.92147884013448,163.44708356289792,48.28066945334784,39.432656789125,108.18342627870241
18.19706445397091,30.80243803343347,170.97556813480819,51.027801351457825,38.06555938905815,105.75799254565814,21.035925448707612,42.284704273380314,174.926697325769,42.43134615635047,38.79591615883175,103.87582382475992
19.642569387714136,28.814775998842062,168.36599924675866,49.27673176921499,38.6052904569512,102.09051358683435,20.25314978838798,42.274824881795695,168.01142613844212,39.09304672958035,38.65314791708812,104.76992020999458
20.48946049806501,28.476305240856277,167.0250940767478,48.24961744177951,39.372427887572975,100.38126742243278,20.225890657781953,39.09479687284227,172.8693688390158,35.61024285569066,38.74388084442811,105.28949073792161
21.202338563008205,29.935385816506493,167.15593409016458,45.78650314581517,39.64744385570029,99.88178683753179,19.309600707791436,26.532050863093428,176.13669550824767,30.235573305458534,37.75963325979554,110.0361693805997
22.279633605208087,29.529931521403974,168.37882155597595,44.357505516728686,39.692775194430155,100.59851951191317,20.491948968956073,29.563638690043145,175.09450651076702,27.418063639297745,34.998868600154196,121.05775585241548
22.124748505377678,29.99381787776888,165.72695405500045,44.45404227717557,41.14036240704997,101.28345634486321,19.585109292627703,26.16959878506399,172.99196115046274,29.958078767378517,37.44876885791785,132.0055698105018
20.92518295927013,30.067003191054013,165.12568916968695,45.06157475374501,41.38018618325481,103.18269103514628,17.97284116958414,33.77871328224375,175.96911814606216,32.17817462874709,37.73005891042681,130.68497306318545
16.762565639302764,29.453059930192982,168.4992777409027,45.80231293644634,42.09336713693579,103.42540571673962,24.57370056152044,39.98958652933274,177.09758637318916,33.244245850273835,41.77727589774904,127.0490077060533
14.028277318763942,28.99499740893692,168.27085979710154,46.60637491961549,42.43199905834393,105.03072237077801,26.168464997296503,48.88869451487379,179.16282408414665,39.10720772360365,43.80569777793805,123.57406829965986
11.283371412907384,29.137841097989536,172.54642104770815,47.90180596610233,43.291186148157415,106.97092090772249,27.796232536871802,52.33662230045311,177.35865952408145,45.09571495613873,45.91606329348954,122.71890878517202
7.381906709373963,31.566181555718163,165.16979133375077,51.24545453429699,45.30015962958065,104.97731016928846,24.678535954648133,50.623590388775625,175.1771300310277,48.26773420170142,47.76301955567494,124.7164916654743
2.1008827915825763,31.22520645307972,167.11895641023057,54.48022997403235,46.75227141316888,102.20549875095986,28.175825740440096,40.31683779702059,176.2319624916858,52.79903701346503,49.99448089972253,119.01750089107864
1.4725345195588793,29.740304972441365,170.5582219241505,55.88104162336553,46.86377361822386,101.14316135839383,29.195533248474216,53.601733394063636,179.3976329877817,59.60031281038767,53.70296056951256,123.28550237047996
8.397913914900133,35.16533629905448,171.19574818061247,60.08475696248534,47.444489693712036,101.37221227408605,31.509854134774688,51.455543875611106,175.54671426849916,64.92294844254158,52.29225618692382,119.6201174803409
11.719096590059506,38.65159292964456,171.47231055609174,66.40997016115686,47.853676180527096,101.14703971471059,32.17141195349898,49.67046469530354,174.0996382140396,71.68047491274346,52.32935756083109,115.77848294518566
13.832435166097794,44.97689952760818,157.85124109034098,74.15896020559742,47.4692238858874,103.57630769656433,33.03510609587703,50.88640928917887,177.856590716112,78.52722413389357,52.20495147507061,116.9724405273215
13.524372919218342,48.151916483248854,157.90330433840802,82.26989139310238,47.42862800499897,104.06262587894784,23.866534372843923,53.17217392640255,165.90832433718927,84.74522059136635,52.14786315326504,120.30890783546414
8.792547770036904,52.65862066901853,148.66877336599433,93.61130331244448,47.479879653516,103.59133537757046,27.816487019409255,55.99294524807594,159.24938779921453,92.4126053375779,53.5924935721936,120.14618493051573
4.1268129404103036,50.774701123548546,137.98584588467511,100.46194455640442,49.28898265564253,105.50230285313354,25.26540346606344,57.00089051030898,176.23078837381897,100.0726951896423,54.37319102522989,121.37660687699493
1.417538197549384,49.08417592878242,145.65179421195432,104.17153931794759,51.9207813988378,106.56083390501102,15.409564700508248,53.5640620586907,171.64719250015304,101.31627353105837,55.23055175377733,120.63200652297733
5.00232695348497,53.91298347391745,149.157156467827,108.1391058630978,53.09090588175311,106.75956515949065,13.492851440471151,57.75070979448316,167.3580580767774,102.18017100098962,55.90898287238959,118.95309961608656
6.941375796572811,57.818644626257104,154.25581951339925,110.38832615315387,53.53991377411267,107.78263686626391,3.9870724455162176,55.76320273517222,168.3347442387776,105.3787400256611,56.53547340130405,119.03120558277162
8.47036449246845,56.52689033187975,164.70269381527743,108.71361003329304,53.5154339262733,108.78102058391082,7.454739142546676,65.18874351139698,173.89796066131552,105.08734555018954,56.37109521324977,119.1392532236603
1.7539497488144333,66.91435465448133,161.9559261707777,107.16437224324527,51.75099867812685,109.00194229494208,3.9067813054958394,62.98367020586047,155.27946655698008,103.72517245767209,55.252122091221636,118.07508405896088
9.179159707335002,77.79358034787066,159.6464139510346,105.68196433442691,48.45573203708116,108.71591261211012,4.406581220667198,78.24234858578423,153.68660196817515,103.6279785044074,53.914678460290446,117.84231016052732
15.110077452014803,74.69271374429931,166.4544753414871,95.66093424312827,45.347265893584144,108.50602266353053,8.622298817754766,86.57102490348775,149.1711945749412,100.93542767204244,51.89828010269474,119.56891824962817
20.31758156573314,75.41537439396166,164.58305120432522,86.93254108332799,43.682864165410535,107.61753612800256,21.01977600158287,94.97460117031481,154.92888969701505,97.78188610373894,48.85744172071459,118.88890561241604
21.06655117410263,69.19442160083541,159.20030499479765,77.07178236231024,41.74847676776662,107.05563317599088,5.7141392605709465,72.04312989919096,162.94238485332093,94.15876309979534,46.692071408500155,114.50146987300818
22.010779981717054,66.89495312141605,156.15722446633384,73.43289737783279,40.77424140088175,105.74519966222728,4.599956103148029,64.54412167149967,162.02409702833967,89.92421515422204,47.12521398434253,111.51950824836446
19.370738425792048,58.219017030912944,157.90694102462638,63.79069976187704,38.818471470346154,105.92367100297842,0.03225735857170288,64.03691547099942,157.80123069601228,81.01068015132194,44.75542997820506,110.62927777693878
22.633538819486727,56.857779240650125,161.0313770980244,56.95462410201381,36.757383996781805,103.70545715473108,0.5145333917801322,45.391333642354674,166.509977070212,72.28140622966424,42.69562686959571,109.89387595553046
25.364140436774555,56.23468964327974,158.10665316791295,51.817967196714704,37.53593935762212,100.75387581937456,2.0318472398071368,44.74601709508565,170.77185307194765,63.96036031069302,42.80275975134204,110.3321466666524
42.945796352041704,75.67085267596453,148.166677181387,48.753259683509285,36.119002521476595,96.5145284786275,16.876401072392067,58.768234832851014,158.22919748594524,56.25485159698471,40.800717438097244,117.4703939047859
36.932878924448026,56.529258910001516,174.50727028831878,45.58933621945211,35.34378791076223,96.42785460371432,24.08556676593777,57.27308757447712,166.2913611250274,47.279175023358114,36.163369643121754,121.4543065244395
23.31206688606379,48.648116396875615,164.72780585913304,41.29563512387596,35.43714996176313,95.84894011035485,25.273500608691222,52.144019651934485,165.0978980488731,40.198224014036334,34.24148691840097,123.01446934997597
16.265026294503137,48.242365978423436,161.51748079189537,35.57814384921065,34.2203124025564,96.18280970346684,23.956366779227157,52.135103030622595,162.0163520644331,34.730801604651184,33.40893611909699,124.84444165625817
30.30160099209707,62.793143810137224,150.09029213407163,33.46467053998063,34.129711187755476,102.3763581987973,29.942797093651475,62.77244444970075,163.43879720789752,34.20647057342706,33.860324375351,130.37298589087644
34.13965851951545,68.42379695328411,139.55548244542092,31.120707641878237,34.271005058446995,102.17510631273304,30.120542406743386,62.320773944943284,157.1640735806862,30.50460496954862,34.202024818892205,143.86902363060943
35.01278331889963,63.699216947788145,148.6124895807899,27.985045932723285,34.87456125379262,106.86307987286222,29.785765619247343,63.28056203008347,157.1851332633837,26.02273017786002,34.56180781560414,142.3259570290743
36.670945732034426,66.81684734948249,146.88423053673884,28.052998748280213,36.177418813868215,105.76783955297813,32.63447932010228,72.75294112271037,148.43327306095244,25.8268006672285,35.37328513309972,123.65131683094765
33.8082549648223,64.97856350757709,147.8870029459783,29.636721162788156,37.23210199618871,105.05426397892411,33.63563386341897,71.23530438686731,152.651945418774,28.826746371550943,39.82120337783735,117.595302178911
32.038860544408024,60.72397873458338,150.3114670375644,30.34689652419367,38.83886392082947,106.5193253811527,33.97117661348535,69.52665458993445,155.47192378513125,29.55710382842899,43.102807642440766,115.27084238391603
31.057844746926342,54.5221064607951,154.9170400766298,30.989748470918126,39.96834660107972,107.62208907259455,34.46764427464898,64.98366465244949,161.21919449375733,30.17270789493973,44.66942207474009,117.61469371896553
25.829864900804637,44.896212481345174,163.18849434361468,33.20126469204729,42.760598095054426,108.49557911645968,37.98428526713912,71.2071016167242,164.49388526169366,35.71350612557558,47.37908823354474,129.98421164727287
23.562116899051002,41.31152356379053,162.8021556773022,36.837155856937635,44.8491244417741,107.48139948383408,28.69857320551845,59.29288873219682,157.44314214026724,39.39651620576343,49.40486141995977,136.07370508937976
22.745744280600743,40.404300930883366,165.49066497978964,39.581391872551215,45.95267398317316,108.9212205583761,13.008043075050832,40.7641938271796,165.08533391157997,43.05426185930144,50.87819346045573,125.1174075441344
26.664767118891046,46.48839489320179,170.3559150233949,46.71659197996736,46.02048413786219,105.32677814725827,15.955366851024671,30.594430318546436,169.66658960737436,45.59166126665475,50.450202777937974,121.7228187483231
26.81149117928058,46.492360231254985,167.45442634802396,49.52976819374893,46.65243999803415,104.55710292505235,13.951183748818968,31.258621434777385,169.8088377595544,48.977532013404414,49.69493658190243,120.76291782199505
31.521488092867855,52.28507307365349,173.49229311649228,55.388858365712025,46.018012235872575,103.65036026445358,18.902684195397658,33.387774490689516,169.12960242412345,51.28981753685008,49.58228108542517,133.07954017193484
30.081547083250857,55.93027400213823,163.24076856171993,62.1899898876712,47.127464237362226,105.03571323172302,19.994781064128894,39.60279592243814,26.35409697249278,56.86646810551007,49.4151396311057,133.59830484568047
27.92875799621193,60.31917751527188,160.63377450588416,71.09369599304898,47.16781176943037,106.21320267048961,29.10497228357306,46.21830090035074,161.74512641547412,66.67814501488152,48.806468301233274,127.68557472146534
24.32632977548595,65.22750828912382,156.81962778227506,82.20413575479635,47.39013824868539,105.28184705085673,37.86162403252767,59.847768450194614,162.02437032020543,79.11159780059563,50.614094537662574,116.60994800604432
18.413785310091107,68.99412533325271,168.85933815336668,93.72951264701224,47.59706789044408,108.08454418960875,25.212486085783357,57.667362878242216,174.83708799864198,86.81102339099526,50.5070019626906,119.96376211993508
8.085840455603947,63.74491419867085,155.98889830575746,101.64489947604812,49.111969699348215,109.71833749614406,15.715080910380907,60.09240599322233,170.79319001635255,96.62520733457926,50.90557432809704,119.93904736773273
0.16184964921936673,58.02719797213371,151.8056888019515,106.68400564048072,51.1354546923383,108.7375652680283,15.279999983349342,62.022557882516885,160.2579757034044,101.82159501067461,51.28910027854457,120.3853453942754
14.811258763087254,46.85082093626328,159.45085793508608,107.88182555282359,51.99149969067783,108.37029429655044,3.317999613844443,51.49946069875887,164.71512567423673,103.25807918586607,51.37873121273673,117.57737610780084
18.829194768764236,44.69221554323265,157.79111412106298,109.37427092011403,52.30029118408684,108.29190122124977,4.953644159633458,52.30782353712904,175.15890345325096,103.39074786217004,51.90233066717672,116.33718501527231
20.841034183095896,48.104272523576775,163.1242888105133,109.92242670139905,52.69044796409074,111.99463242506393,0.45949112229896444,51.73290153340762,172.67634506395862,103.95884459797084,52.21062979500483,119.07523621765003
20.426068136782,51.677463411834616,172.6694198723615,111.12112124539226,52.181520956286626,111.83493880547825,4.517442216589623,56.93090257050176,171.21602215314434,103.37262527425833,52.45737983434409,119.45446198039876
19.756298355556996,51.97004681669804,170.1951008233797,110.13508893033507,52.043259653854044,110.02851236696219,6.085675301226249,67.62766201882343,171.35073788336766,104.57957964494638,52.638063485588575,118.74243451337975
18.804818377417657,55.29855271630061,160.41849069777794,108.61547670338662,49.077484555842354,109.52533242773313,2.7906055822524776,72.59359370695486,168.25838512912216,105.42555463540138,51.93897658128997,118.40491042264945
17.619091788620498,55.71006594033361,163.87389480644555,106.63227686370594,47.002305680818814,108.57568401635037,0.12788816232604025,81.9115947191851,163.54966653573348,107.23806685382215,50.8983269411479,117.91961483986047
17.869046577447396,53.74033460994662,170.55776156934496,103.74949097091857,43.99746773390164,107.2932682754124,8.070366935648234,91.31861469827382,164.49571385670868,102.17892318938128,48.52945975363485,116.70163580496605
21.808267425325784,46.00136262709308,172.23462546317484,93.93910013025868,40.943439790260136,107.14710179210829,8.581851238624864,88.5166027600988,156.21858366328652,91.3663902703878,44.79633744155088,121.78606059182097
25.909386188957743,38.390570777707254,173.005465036454,86.97715924889717,39.650670551209885,107.33090731083867,13.513029754137772,96.10158232912904,147.68036496694964,88.22085409878157,44.65102216471771,119.89147127568695
27.854035030601842,38.21345534278897,174.1021073530115,82.01713648842474,39.120398981880754,108.05617390559587,11.328797757840059,82.99252169744156,149.34438399450946,78.36434017082965,41.57671556947827,118.35894772906092
28.691523663748203,33.41548268280452,175.3729437159234,73.26823326967649,37.648781647485066,107.68144585685982,20.8417162123114,72.25215759177186,163.166273704869,67.66683727134301,39.976877727211736,115.75676023314861
29.427594520692516,29.83800653608791,178.73482718023004,65.87179027694496,36.75998869449259,105.63946902841413,4.14543933183149,50.71376194158276,157.38328619694047,58.30949542413807,38.78417484374139,112.09266572188206
29.714938969645903,28.31809008830536,176.97488176983128,61.64054117995223,37.76430345264094,107.48556780220463,0.5785650282288634,42.96590417597257,155.4928224621432,51.96663368174584,39.26082397002907,115.18952491652534
31.317634052953252,28.772924943289297,176.21284477649758,57.210842902892715,38.38667668098564,108.12832336878161,9.530162222757191,32.330553478724504,165.9179070239605,46.683573488074494,39.80205126957442,117.50369612400108
31.357783473755127,32.39770131826765,174.2869504987635,53.012348567669676,38.687977452734174,110.93166798203944,9.059455075589144,38.9350729658681,161.41233410574776,42.803016822824944,39.7165528215679,116.0449135109105
30.236716174049164,34.68183994674088,171.8753613287588,50.01409986721022,38.656091935078436,110.24537466238726,3.275822594408076,26.33135757190428,161.7787656354534,38.548455035574605,38.893658357070855,113.56772823080404
29.611360604523384,34.200349242889736,167.74715687859336,48.08933175660438,38.73354513574498,111.3333401845689,8.035035987652948,16.491495731007824,163.13892641942329,35.22700461388496,38.43219791960794,116.94708246202622
28.922509349415247,35.84953555376243,167.0227190812187,47.070781369630964,38.91013212446818,111.18080530505011,6.2924404372888665,13.369792264982957,170.34768813212605,33.361000070854736,37.893287291119286,116.8566255074102
24.539945234136457,39.076400957025854,162.58995988042895,46.754559857897554,38.6274939587261,111.59943903808734,5.5144307552629455,14.711444744142252,171.91955391047858,35.41753742443836,38.03789949072322,116.74745534311063
20.288815750631567,36.77047908097207,162.5851796504635,47.994910617332046,39.77349553858445,110.81565323322974,7.058511958332638,22.430085375836004,168.6537119919692,39.09342957105008,39.76633019382152,117.49714108066247
16.254359153066755,35.28239376990617,165.4161708731105,48.90709733997897,40.54777328575851,111.20375465736494,9.189246822142959,25.456313827597413,172.16862546023168,41.19410822296182,40.79268798676119,118.14570722547133
13.351646886466106,32.73659903426927,168.576520380695,49.86680987428605,40.56910944888887,110.40952049199609,4.542758038263433,42.965260546594905,165.2931749565829,47.432355268203295,41.74479456200334,118.91130136669433
6.5688687203136125,36.06570942800894,178.01676923912052,54.13089196187213,43.6254283877732,109.00897806410588,17.56116974773921,44.769531431146135,173.9462069700583,52.885305926868924,46.066513352082495,117.73683356390848
3.005359421467293,38.10821737886824,165.37171077332027,57.535214147748725,43.72991696674353,108.20329068135635,23.141227585503984,46.532302601731786,164.8470023437498,57.192686302857865,47.22924517730624,118.18572042352922
1.6703942416382735,40.72308025475987,166.17352246515918,62.089507868031006,45.35250831124506,108.00484929875626,30.440003872546985,58.474157560355344,176.67091873660908,64.23997133525677,49.33153234285446,114.28863434026036
9.217503560460868,49.01490044851918,166.63732950732773,68.24010372295116,44.53567377281692,106.91616399831277,25.06076241530509,64.219391600843,171.15117361909782,72.7232932556461,48.69993716235807,135.3961742896203
16.3715856909878,58.11361957132072,165.39531112500956,78.00203692519344,43.995113411124805,106.5139701458226,52.04789052553032,69.43047749708973,179.04860564040794,77.76632075706715,48.47997796063149,123.4698714942992
19.725869722009413,66.23389457180888,166.36414566033918,88.04759982301158,44.61955188376035,104.94950355024717,47.14200422570056,77.92658513578297,172.44466111158482,87.42021605830952,49.56820886329056,121.92338703743185
17.553382729974082,69.59570296777362,158.17471011563072,98.46562792067743,46.35673595978279,108.00397339572893,48.39706847018608,79.111023247343,167.05074632643587,94.00425050161823,51.87604002460259,124.82228129095463
14.340289190222121,62.1843198053665,131.88518549409687,101.48829775833273,47.54307005470652,107.35718889345655,50.10208193740752,76.15471031423436,127.0477916725918,101.01961800239417,51.72130720772865,123.14082923980776
8.574662506983943,54.61575019412943,131.4039068212465,104.53881508031613,48.56836205196717,107.41973145808853,20.427985502176522,54.96193321192245,133.64840485509646,102.05098500422507,51.79867248613818,121.37522133678291
4.196286342907346,55.53113407822409,135.8111052752018,108.52546488846335,49.79915027563384,107.20522621820683,1.8702312042528564,45.49919099458103,147.72503654347028,107.46889546795038,52.49611997429344,119.47568093191238
10.36464193651041,60.70023522612538,145.32668028699516,111.78776793211487,50.573454747315914,107.18490050950051,8.965310749926882,47.747039577786026,135.8734896021231,109.334310923895,54.03252212019268,120.20565090984444
11.727353060762509,62.611188689990996,147.6478306255447,111.43954271546484,50.83738681713054,107.19047424203922,14.987952889593227,56.31597457136455,148.8820222511785,109.4389217933363,54.937444671378664,120.93631058136819
12.507551267609704,69.29921950623141,150.89191976198933,109.78870777967278,50.84060020514514,108.79701947809993,11.427609409811046,59.33691445664008,172.4470000425938,108.97781866357447,55.28402868598674,121.23417164819246
16.835593265072603,76.55925841278278,161.56873776862642,108.18042878889737,49.64620783237177,111.6136543781166,21.935233566673155,73.69794342566587,173.69602230986825,107.9827978738251,54.71295283634277,121.93413106024457
18.50045445135572,87.72577032388082,155.88464292177483,106.48183009078397,47.194138827489816,111.57313553030512,22.49383365600685,99.49704325179694,149.17177666694408,107.69833232830486,52.162424504296176,121.31567854383388
16.70150894623717,82.93742382488072,174.13946039723078,98.69983029012552,44.23054570501914,110.68326309988365,17.01800740889293,96.79927656023037,163.19586752526013,100.2696532871823,46.88134305858501,120.60535015594704
15.69689066323389,78.81487502529284,173.14331230132623,89.13560263464551,41.75322316867625,111.97400189215489,16.703364208060304,101.87227270572046,158.9517517183603,95.04125170161423,44.07143059434809,122.57448403575445
14.511168591500516,72.3863963964724,175.158874585353,80.08865112066961,39.47521104681293,110.60692343803916,23.48551538341768,112.81509119489712,154.59544057182967,92.59801228727532,42.975407819272746,113.89101529432943
9.216394991799271,64.74522271338549,169.37699862756443,72.80012424722482,37.394856061730806,110.00931043184295,14.32756215640785,96.72046366030663,158.01954835134856,83.44783315316047,41.27680368019641,114.71331038639615
8.195644009505665,58.877317976396675,176.02034957032942,65.254734566799,35.95619897633019,109.24698971294222,16.87545941566403,94.08485629744398,162.4494367426198,74.6041796646872,39.338362480167426,113.48362870203134
6.939291713534844,53.45099779051108,170.76601959487826,58.686290724512126,35.54914822121465,104.32215925492694,2.267142645532846,68.03253837041505,167.45011196528762,68.54092250964435,39.11735738975914,108.71765823196111
8.498646290626978,49.39411726908978,172.28741119428756,53.39681233810404,35.02737014602496,99.24870082961633,0.5038877649285564,56.76671893302797,166.63168269450566,59.27005675515432,39.142435195814166,98.01956726063139
7.079568714739456,49.40345733704684,163.68630744733983,47.98263992091439,34.28713699037211,98.96888237728508,0.7200498599830423,50.406395920253175,169.83356796676884,51.53151639540606,36.51231492587738,99.76291777413176
11.719118258918177,48.264137434037345,162.40771635089595,43.152035825626584,35.31674462431126,99.66127155225035,5.830408216977999,50.23177224842925,167.64172726626998,45.01774311218571,36.59392513159305,100.1785438918485
26.165029440302824,47.46380562327498,172.14862147316805,36.616663550809854,34.72725087415033,98.95775810734865,11.601264757194238,49.535237313476394,179.76462043656787,38.66862846768465,33.955268611518946,136.03604193266395
28.58612054428151,46.517167226827326,165.1211254124643,30.953166324751155,34.72670795467883,97.66451357039504,20.18290552148517,56.80417693073859,176.82738773405643,34.92041798788257,33.493501916588336,135.79786154685905
49.629096961817964,65.61215866136018,164.33037123800997,28.557155568417187,35.31396082187823,98.61070155305755,35.87650950569549,70.45588417895786,168.98027031045217,28.45781656483876,31.52607527207688,137.46910323283268
35.638927574329855,54.917648321631106,155.9531483306167,25.28788921322329,34.67240340654583,102.38884715735529,32.650370792093426,61.157222584540044,166.16130988454677,22.863972816124985,30.96621519734033,139.54324630991238
35.337718322876995,52.12373867942441,151.49420251583336,21.782624547473663,33.97740299651488,102.67715616367896,30.685332378641323,52.04028349876473,168.2460830070169,20.994301381203748,32.00721807028819,129.92411754428113
37.93067041362315,46.36604675043073,160.67751737777286,19.568367273570566,33.49240543800857,103.01653706498344,26.74449018397243,49.66201207911159,173.23690320270046,21.56857027314682,34.295825153338676,127.06725572869082
40.79438220112968,48.7172803041398,146.85746628032632,20.40981071001462,34.08142276813993,102.69647951523586,27.05789798902669,54.7877989533311,166.62098312550927,22.95011503813049,36.214848660438896,123.92636392517946
37.61437978694675,45.35048849191392,162.20845702807011,22.108132762018304,34.87072517464472,103.90200455891276,28.556187892096816,52.25296303800405,168.95794363731974,23.141997383444508,36.6082508281376,120.89542697522978
34.24578634136255,44.53495038199048,162.05813715362112,24.936239705488862,36.817642109318086,106.6426606264475,32.053452899034504,56.07305233098973,165.371321463356,25.345344978852264,40.495296913276796,119.82661096978065
23.555690401813028,41.66112749947696,169.82372867666473,25.47086849312645,37.8181346942084,109.72523119669869,33.74169482179319,58.876207733580294,174.42336220464256,28.68249879635099,43.065116916637976,118.95464390461183
18.289908806410786,35.275926271036376,163.23876247287842,31.59946022274522,40.603633506786984,106.92030266770891,29.505813345932538,54.09469865016793,165.5742881737951,33.35925183795171,45.016698903656994,116.05196900688723
16.4487226912039,36.05694451322757,166.40601214099055,36.34737072214255,42.103783630535,105.5916242841691,21.734777698486113,44.41727193120984,172.4757914756219,41.09113559534156,48.03127548267458,114.48456450540984
17.046268766121155,35.93310631508041,167.6522064223823,40.0494941896746,43.0127923722271,106.52178294844263,19.068488031378592,43.730744347551486,170.74549776984026,45.446418183903454,49.286439338486794,113.63209304810721
21.300310872256517,42.283665027166464,171.72594755812636,46.78542992268675,44.51803027574796,105.66814781793524,23.926939616646454,45.73192510859871,177.44372496211895,48.455908232868964,49.225277539951264,110.1290415706829
25.20709999811193,46.87864849541373,165.04371892423578,52.88654222577348,45.55850025608701,105.40706231292049,25.900913655848175,46.989088241888254,152.63970839000882,54.529504016244154,47.658845865498726,145.2886717772197
25.399875363084973,51.172670098253164,165.35985459123063,57.97718816280114,46.02766062128306,106.22055984699882,33.84923774514328,63.53480787447306,166.15488776286932,58.89406669464502,47.65665898170899,146.70779328887951
21.631376967871983,53.276628739241396,160.76481297510688,65.76197177777104,45.67053725459955,103.94868560659296,24.219489038175645,54.88721915142745,175.96729409922338,63.11872751834639,46.88485598111572,130.5535294499314
19.963048987698418,58.799048918475044,149.7379176093388,75.35051380458751,44.998597097888165,108.23361434011316,36.60845626872539,63.84053633292371,164.456470107348,70.50193769860394,47.18122680278637,124.4853560195971
8.973754903645286,53.82869889855978,161.31935074206604,84.94794640945868,43.50751272375433,108.33724968608865,18.640471312184076,53.84885403854454,164.7355653799416,75.04235971156928,46.977735237486755,123.6668761997338
5.504466238968816,58.48797690346723,152.28206602296743,96.11601759429857,44.07447940799372,109.42423209012168,16.223526705444513,57.085521578485015,164.10512714141916,86.17839475672562,48.08910474197136,123.21789968941859
0.3430109354142461,54.14280227827927,132.9994955110644,102.60171073601039,45.087642687735986,110.22943359489891,15.91934784727153,61.658219477255706,166.38116364528867,97.36341635593041,49.08805056209472,121.5017863363541
10.449928318084565,48.70423108747919,150.76546588321366,105.91591781617295,47.48330788657543,108.67033771276463,2.132262376057607,60.68699592989319,170.18769535829816,104.65598697147071,50.547818677165964,120.26026162829496
12.459638142179434,48.544205032445,151.90783755192072,108.06682973361862,47.68539565122494,107.87248174270886,8.116953577378075,54.227046451281126,164.50814855889155,106.85682675838466,50.78257137236697,118.7966560096673
15.853075725552854,51.27763133968256,153.7780095443401,109.82889519886855,47.88049735430114,108.00883622849,15.023807913944372,62.667126625759124,171.39254636224683,108.31068222879186,50.73289818904023,118.30318779465368
16.77505090333152,53.084373085538516,166.2838577016396,109.33867900098089,48.04667324866094,107.97503942522694,16.921658136672775,73.40996712375005,158.66779533112094,107.0002493292521,50.69757477931982,119.06993226502485
16.17710277971687,52.172918733061714,161.15543593796644,106.14276816215015,47.84080444386602,107.91676241646742,10.904526448386106,73.07798362327036,171.1097392299193,104.6094023410895,50.0478913703921,119.3194821534026
16.888592750114988,52.63249333347579,170.54343122758453,103.39126371015946,46.17065934883993,109.8231853353722,3.5518570895396446,72.01551710629207,175.07502921493565,103.20323033881097,49.134895321685356,121.7740333139842
15.102577488023433,58.44772511797792,171.26272741810615,102.90990837021528,43.90390628047179,109.87733902777431,4.697771583711768,89.75299008668881,168.45494047911166,106.08635356057361,49.0733687589254,121.95043654155606
17.62007375163937,51.85751635752886,167.41691241275814,99.4593372855002,42.334923916179044,108.23565501607013,18.092922678142607,96.8799828675881,170.5540429340276,98.48116030104167,46.341144597645894,120.75473383699486
17.336598636770574,46.35294530825108,164.73668508515334,90.17808201946919,39.69531371873673,107.27600533662543,11.473808025077807,91.3569732123856,165.92236027615442,89.01391186565765,42.56914077282132,118.05729304265984
13.454448936779835,47.04904117873725,162.7604610313115,83.63887102219019,39.08835389823582,106.24635415988693,19.583692510036563,95.48354117993678,159.21579090062554,79.77495974509918,41.91113254209436,109.16275247971141
12.578695305151793,43.637049569536615,165.77249950433819,73.68453409521216,37.16703400818292,107.02122808839822,11.566165710352013,83.37683935163984,163.1981475164927,71.61884697601447,39.023306941470025,110.19195775168164
15.741119426922157,36.32918483219807,169.13400098380407,65.597409841334,36.01298879038049,104.17188409255503,14.886730846832569,82.02722939304351,160.39295051418793,65.15507513485356,38.58965355155202,107.79195607298993
18.15436654896951,32.33980892524507,174.01569040140024,57.89536988515881,33.768100196459244,99.9604222447215,12.779091587599616,71.45574407462888,159.50248129760425,54.22187054425841,35.579854351706615,107.85719965388311
18.33292586482356,31.60613589134015,176.63134817969362,53.486079646317016,33.82247995497482,98.91961246761512,16.181270184544776,60.93594911911806,151.3347632650468,46.45015218496592,31.97675646460782,105.15552860714959
18.888401607065507,31.31825564634068,171.5519750545611,48.2422133492389,34.07889165180403,98.57664073434941,23.112025496746465,60.21810251157368,163.78041379096211,43.11536386860076,34.40351095440471,106.910260831832
18.861065379121655,29.444539619000686,167.82528371488195,42.05927688819811,34.367805790512776,100.34708527054273,22.925986773689313,57.893694879597,161.21347267923102,36.82228791023758,33.74001252693267,108.44409274579162
18.9208112590039,29.28711856546891,168.98426914635388,38.065506126981454,34.86545352565551,101.70807265187487,22.638602607151324,52.99180967531215,158.4701669930092,30.49598600580731,33.63190949149662,111.76330758416043
19.04847829516608,31.510634845206173,160.22569694897732,36.12816675971534,35.366822058758025,104.36726062682884,23.425209362069907,51.31064453087041,162.3318473425188,27.78443147297794,34.211148025748535,112.62987184107116
19.95685319804447,30.91751109564833,160.40640406947384,34.44958270314904,36.1237529741264,107.13979338049604,24.800303383893223,50.91726648746306,162.56580283124356,25.07635926718601,34.20589458859968,112.77543454938875
20.382876794634328,31.722999515279387,161.05285677200314,32.96668348301962,36.260231923355114,107.05445746656686,16.955950618470236,47.11673017322906,169.96469951025225,26.305079030068406,33.46129887044494,115.79996380349876
19.800054367291793,32.246449349684454,162.7146742094861,32.40636303679673,36.815009848707156,106.99380968642474,13.461761688748808,43.02130539438705,168.92730503825655,26.364533614799353,34.045186650684165,114.04052451461071
16.07064985685685,34.475638810862065,162.2353062462749,33.017542509941244,37.381958238935994,107.1929468235795,16.05494254507816,43.56182539327471,172.8535863603911,26.75231044467029,35.14747394258279,115.7877921502636
10.999346671775381,34.011253101575335,164.893561409393,33.764583044339,38.34030986485866,109.75048507140542,19.77248622289422,48.73795468546076,165.37714982868692,26.901195163145736,36.40959189815582,115.8441490473276
4.789533519931876,33.25213768012712,168.43915576859143,34.73655429096962,38.94355818233363,110.62799693084933,24.526926377387262,50.04715989808541,178.97739274115645,28.696494024958106,38.71851306738868,114.92605161495334
1.1930480518908395,31.084261204680644,171.800307620553,35.17829361156858,39.44702346596312,112.01841909642062,23.048890056621353,43.820237310660524,178.35306993495627,32.19510649678213,40.33291788178796,114.82183822899523
7.027424178727303,33.7799556467334,173.92644270653173,39.763763943482786,44.59149378271659,108.08352547533526,29.187758716522513,46.235214041215784,178.00292316325107,37.816251776842755,44.17651999868045,114.24155528981152
12.206532873465308,34.76929970026182,170.90485629775185,41.62159133528151,44.21534104531088,104.90387675795436,23.523935453674493,45.72949694256107,178.04130574945188,42.83729237063457,46.48499438986147,114.77478721160901
16.342840487106514,37.041676800214574,172.03256708660254,45.563380537170914,43.43313454439976,103.68419117262216,21.184026359365813,44.74155520843656,178.02367031916495,48.90263252693047,47.40825098314924,109.17205692892298
20.410004782409654,38.694678091488136,169.81661876654607,49.850963123337365,43.227906788498316,99.75837227887267,22.519370044215584,53.321612461907364,171.77761741843813,57.3193265409677,47.66390173097032,132.49504366049044
23.953735283532048,43.2300107558412,170.64698770089316,56.114810749822546,42.80840501778158,101.71646212692696,21.992160728246567,55.53560711350521,166.91525464445522,64.8785380232529,48.2905282768862,136.97163553617133
33.22757027550026,58.38789787691507,153.2107837636659,65.65731958262373,43.55672165597758,100.68625332673702,19.679737940632254,44.3057974146467,163.1550937593049,61.17912844567653,47.75979046242414,133.14436044105508
33.394191984761356,64.3908682480758,143.08353135644325,73.93095947125607,42.90427584370588,101.47592843319283,32.861161050420016,49.21041707111228,167.88906826843234,70.854988635126,47.53655995844693,121.7656306387218
27.858069296953808,63.51745728572704,152.48609714854652,83.47220871986731,43.4625888108678,103.28521193200565,35.792407891431274,68.74191833921137,135.67752838195747,82.42877643749924,48.355145125403524,120.19807947115576
21.76202250724982,65.40811882127271,151.90308261661195,93.11333747829379,43.32316611094571,104.52751638450438,44.12533094296202,82.05102362306786,169.52563156324973,94.60144099569135,49.18783106759909,122.7706153145173
15.065854865837792,59.74057361414542,139.3142852266703,98.47163820006023,45.23062431779865,108.36437650910922,26.084633086567717,68.21023355625768,171.85471255989125,101.759954170011,50.434958330821516,123.86945440411893
9.89674779024152,55.4578513956439,139.18403927525708,102.08087674854153,46.313809110859985,109.40405769266079,7.230847448822373,50.908754413695014,164.0306039906618,103.45746852760772,51.51039897742579,123.38858689532648
9.00907529783858,59.43501235310368,144.046317930255,104.15793341109634,47.2535658464441,109.1042024230952,14.068332023850703,61.84599543215517,136.34542917485683,104.76178564125271,53.009798005347676,123.58908839334647
14.027798509761702,64.50752654592395,153.39469615863237,102.86016790165421,47.521651809400964,110.05794958580505,19.67262100991014,71.6073660740932,143.33175967987813,106.15385019058424,53.02878822466171,122.41154471726652
14.528066167655032,66.29105439071482,156.85228315349858,99.53703723485299,47.58056784740593,109.35040254713927,34.002271162562735,81.58655849536665,137.81817178766732,103.49812275207896,52.508161092812564,121.09126089315423
18.60431785302789,79.17862051896164,155.14357099616873,98.72116009343806,46.16580858189061,108.93126943137611,25.499406394729892,98.42776383694078,121.29250578105984,102.41311320108953,50.506168364501676,120.10606501645943
22.442891995170083,87.340296203114,153.52594592103318,94.34778542585627,44.51445104712609,108.01414390107176,24.003483999010058,106.76728967085661,146.7216354134793,99.89970575929621,46.93221696088402,119.00561502227728
35.010781607662615,101.04273966033321,144.3198934516631,87.92357502803775,41.29774173628798,107.65786331436261,26.659636371692038,103.23360560340195,150.89181547719986,93.76506568371627,42.41006364134453,118.54213226667385
33.14739157175417,97.23691016067764,152.43109633296487,80.97509210830023,38.853844969827016,105.72605341369793,21.116665600979147,96.80573623999315,154.59090712772013,89.88035342924844,40.92577444539998,114.75146141629706
34.37161774221513,93.43184333863307,158.54872854485077,76.32903821352801,38.103999907431664,104.90381180589763,14.065217627124573,87.1705063644081,158.6288793334754,83.7980241810517,39.81711668298912,112.38430078162429
33.30534697600778,91.14731604613654,159.16749018114504,69.4705338654466,36.081179239353155,104.12003521208916,11.286136619013925,94.35921629371313,152.87143762621358,77.87930507794275,38.970687522678894,113.94104749275618
26.548160348019785,77.62119017352697,158.87083944180168,59.31450912217234,35.324441596785476,101.35318215848194,7.514065188682522,87.18280192920304,152.54275252847404,69.5819596557025,38.20769384357458,114.68586932554307
28.728290972751978,76.3123004589561,153.90092302353952,53.65697895076791,33.99348161906567,95.03365486621762,11.627786474111906,80.32489939425128,154.88486293885754,60.64683903834043,37.415758098505215,107.22000047872295
32.618087768869785,79.42702904176356,155.0835841823883,51.099959086557696,34.51293224900077,95.40110131789795,9.862817506090597,79.18598824550747,151.33156246882334,53.22758793194897,35.95306600712582,120.87694661716004
36.879979954330665,75.5546854388679,148.92580061241128,42.990469573938334,33.17155279110962,95.8903708056774,26.857804667005908,97.19438829034428,147.50868202209298,47.81633587207746,33.40219117232798,129.13129393663377
30.43180139714697,56.58580510565121,175.56890487651555,37.91365957905357,32.82660360591497,97.04587769632593,22.245550629167397,97.8598498382645,136.72285594316668,39.7273907026538,31.163624789572662,130.8199113158902
32.26715148112901,57.14962161724859,157.74566842921985,32.88775679395937,32.33081603721353,99.16174538421092,23.428931922316107,68.82539354599426,172.33342757614287,34.16085288163293,29.97597154094403,140.22676826847666
30.883897663495745,58.72264774349289,147.707226717207,28.34609441246074,31.896191479191373,99.96795050211193,27.65616602396934,69.37224220972955,177.1655567643654,31.945783039925548,31.38814720142887,139.81615869168124
28.976540632986577,48.693785323291706,179.19728212130101,26.316515449613117,32.281226999073404,97.52440370037047,27.658003192944875,78.37310902272897,175.13738937609602,23.46922659053008,29.214532825050657,142.04589158367622
12.669356187512552,40.50890022009066,163.30063482777928,22.576126925252566,33.1262156945945,95.37446742617244,8.558827375461949,126.59342268899621,122.84281109363391,20.22200682413411,28.69560503172687,133.96277750216967
9.304417728585229,135.18909316485176,115.12941630250155,22.47400647472136,34.27675216736426,97.57490516107035,6.858078498463575,141.31010143602597,135.80285555245595,22.385552513521574,32.827977114202014,123.54314789054483
13.287755045905309,123.98559655890247,126.58758283597764,22.865819088338483,34.96136238393288,99.11627825008063,14.412777501268199,140.94422724000577,159.37694201563426,24.68386790789961,33.99325164210842,112.74415538007399
18.2062864626702,53.728279288178406,156.50975394080575,23.600897127933802,35.42255156242606,99.69530569024727,15.706810634076396,116.2872394470891,140.06186132553597,25.36381360674219,35.07905675367307,114.0123889673356
29.042273470554484,50.289798110850455,163.33265740603048,25.38340687084724,36.080287720406105,102.28858489991006,27.244151788693554,58.67430000515098,169.82645672518808,24.320360244883986,37.5333692005791,112.68388818877337
29.966628460991867,51.5630759951782,148.27511798318355,25.695056478264583,37.635893706626895,109.12867629454324,30.54745607975552,55.781408518980236,170.0660390677007,24.40060861158968,38.175850760182,113.30005594867157
30.716878598573878,56.281012856122146,154.4047612383503,29.251016017969334,38.87121993443467,109.70082441873934,33.19000249777391,61.77115001231102,166.92597674213346,27.546062314898364,38.918304370796726,113.36387190544934
27.74301564763805,49.344108075848794,160.01827187743277,32.88997258243198,41.35349408855251,104.2235690322201,31.909076465238044,59.80410803817517,162.43083450343033,32.824314461654176,43.44184724056188,111.90727684218612
22.564326624298026,45.1782132269307,162.30021341424845,36.74423877764107,43.608262513131436,105.0912968298664,29.604382060219525,56.87034930698393,170.97380824618614,39.50466636997992,47.048247490818426,112.66445860763652
23.635905386356555,46.49572906552119,159.64139879809815,39.75419542673681,44.687492438156475,104.03054762524667,23.982177329258935,51.10464950689464,170.2653191723717,43.28985113850132,48.60684519445006,111.6843963037242
29.246923142500677,51.27223201844135,160.84103617012195,42.62125777907225,43.8610925061518,101.57406794502094,26.62524716670899,53.51742071932251,167.2231957388484,45.10352625792291,48.54826826784148,132.1472388066341
34.058896733192974,61.11861701945771,163.48151664467989,50.22446264677236,43.99768007759885,101.95573129504132,26.36682753324746,51.24920526381031,166.08681147947397,46.95666869909824,45.73235405367812,128.29698325276354
38.0452214462496,65.79970251986464,165.56448584377844,53.93509946607725,43.72252922036144,104.57416349894912,29.485398964070303,59.03748023358273,161.7947504126016,54.1418433217456,44.933009300109966,143.28170935225225
41.293096159429844,73.62965369367419,166.1435364888106,61.78265961655657,45.08678669261552,104.94654880213224,28.442364349104263,56.115466925635175,161.59987751960594,57.06724350251343,44.11240283173089,128.88364693852327
37.57175887466502,76.99696989028719,163.84349453715268,70.66199506026113,44.48600351383584,104.05449932332529,41.175808610123894,77.66291775770101,161.95350464882407,69.45401777774855,43.59952901744584,122.0346516629572
34.51331730019452,79.97463842841498,165.07566520254795,80.48342802535197,44.02210478594597,103.79314574044653,54.782093637547135,87.51157282222441,163.2271971945247,77.4727474830752,44.05820472184402,117.33019031137388
34.80572489135309,85.5677786919036,147.81438519383903,89.3015856447703,44.76904436292714,105.64594173546976,61.776317916187494,93.17721417979507,162.47739761711833,87.40117157886766,45.87235243029439,117.77394256281036
23.987542630792166,80.93015976341738,160.27391992326446,95.68876517789779,44.76890082781399,109.73913959189036,24.829176397737598,69.79651714326114,158.99909408868623,91.9709718033138,47.45603373281585,119.61381316167927
22.785633451081278,78.28619341033476,166.60259451595593,101.89359494050218,46.07133174020415,106.75289258173012,35.20122214197639,84.847491998669,157.14675463946676,99.9662818078631,49.884489486338936,118.8791496410807
20.04475535680693,70.43030434671881,151.39741383620338,103.02959211428467,46.24874503943339,106.30199038372277,14.269909863131772,64.03947596620002,143.66549165857927,103.60176248793165,50.09337965861216,119.9665955793138
14.65503456205566,61.49018417567288,137.7199478838821,104.4417692865713,46.95359282855481,107.77138093428911,5.242274331838476,53.34100933708753,157.5669023188339,106.11610350873958,50.05800447230316,118.85767000304234
10.785861566137278,60.32130990198959,131.64447352946823,105.14540260050724,47.20492225059495,107.75045371238355,2.011018033886765,46.24541029436499,158.11051632014414,105.88038013109997,50.263994268301225,116.66947653663684
