left_shoulder,left_elbow,left_wrist,left_hip,left_knee,left_ankle,right_shoulder,right_elbow,right_wrist,right_hip,right_knee,right_ankle,torso_angle
133.36035155681643,129.45842076484107,130.16279256715865,140.7241430265938,176.00037553072812,160.7137679013496,177.41528555698955,154.8625153455716,159.54257090071945,140.36989827449847,178.0852769523101,176.64448803026545,86.97729608499962
133.64978830308016,140.8686081143938,138.41818932297082,144.0780757480022,178.82098312633542,179.5108160793218,177.56588182230627,148.59114000453297,156.55571528325987,142.00187177266687,176.9024868220977,157.8141358653769,87.91890148361146
136.40526405263995,130.44410721502678,156.26228926924037,141.12336005777703,177.12431235184332,173.61875732119182,175.52888855537242,149.7868107359959,147.419405748303,145.90321337280983,176.29553689826653,164.60757908652025,84.88087312170586
134.88440947527312,128.8214921807865,165.2449344882271,144.03882636155356,179.43553079011076,158.22802030985486,173.6511627372197,144.88790823462728,153.11083465718522,143.78420029706876,174.79073534544034,162.97330765252772,86.62600801670084
137.01609691610577,133.31608854195608,169.84825306999403,144.59936329381807,178.34276374996793,178.34355802304773,172.26176165473126,145.03781828861398,156.3076130685915,142.8517070073314,175.9440215930869,156.01153457748717,87.04205749348019
136.17022958126213,135.04552612440307,164.3989684201451,145.40284774693447,178.87370796230854,172.0260809523633,172.8467675482545,146.15227072788576,155.73209788983723,142.75354922424359,174.72186512938214,156.95304431490422,87.82519251094942
137.91257862515678,134.15693763009375,166.3036129915749,145.52517209387022,178.593991799991,174.15829417728213,172.1482309272804,146.07315637600095,152.88971749353848,143.61902780886524,174.5713684625864,155.96755336815363,87.31856713648826
139.59347268992533,134.88533425201788,166.25032485905368,143.55248921884484,179.9704238273128,173.99546489538565,169.7839165113064,146.16491356567383,152.42844060787533,144.73459107471584,175.4636739961145,156.0492452307888,86.26109966991186
140.3446417672688,134.98967092984418,168.8093272773802,143.74889751773304,179.1347747754117,170.029214733532,168.8047958165668,144.38321269962773,153.85602285549993,145.45144933833095,174.63173552596712,156.42033986138466,86.21847594757632
141.4497820634464,135.02739627295642,168.758203925449,142.95362342935178,179.44467522011084,167.2452472921452,166.56655313258247,142.0889342456695,153.51254510183497,145.91382299662752,174.90718544037793,153.74087267748104,85.73247366096008
139.2269823207065,133.4356653915827,170.5146908964587,143.38801008659084,179.40708045221052,172.30009538066108,165.8839481399773,142.6568625360867,157.03156883893624,145.30800950900584,174.9011434599842,156.59284733722805,86.18723009622505
138.65663631071405,134.00290441372,165.72645937119785,144.0701855102423,179.54912701713965,175.8830744062262,166.08267227348193,142.62488975271415,157.8692744679398,144.08977144928218,175.89239666023815,154.90872583029088,86.68616851209087
136.8367726560535,132.34078513262395,164.69660028716316,144.44933463118147,179.5570486549694,179.99469313249207,167.28324589930415,143.23903510624922,155.62999949976927,143.42034566943028,176.2910810788989,154.04252794422257,87.26005350458802
136.5979766828697,132.61020094907158,165.50555043658682,144.52151694330541,179.733281801407,177.9614182652432,167.44408098098205,142.42300544087428,156.24210673774746,143.47064296786547,177.16854943783383,150.10947730329806,87.21518612811163
135.6477924302455,132.2623617647936,162.1888343523024,144.81178124105168,179.5468291173577,178.00002796586116,169.65883069163968,143.72605278098726,155.56265312259424,143.09031493015283,177.00854372589842,148.50620132445488,87.70590966576847
135.19429651010057,132.19366110167454,161.09229836193495,144.46076751077453,179.8876609423115,173.74203710509047,172.22335148733058,145.3212355211808,154.41746159875623,142.31475231766558,176.66325202262902,152.19494994998814,88.14693001867673
134.3976758191059,131.90071032991204,161.6586408992482,144.6439278226603,179.3249295494748,169.38155813418916,172.00082975869768,144.82087398484614,153.1978376590041,141.46222580139985,177.72370922437287,151.31074211671285,88.41890685505524
135.58094824564316,131.766710553178,162.6466816515948,144.182542944939,178.63188576723567,164.26412300634172,171.2719617848862,143.31989601770363,152.3482414013999,141.8323976302235,177.92062305188526,147.86850485251728,88.16716482841278
135.45808231991398,130.39843999701733,164.515154700558,143.79887258641511,178.92349126428965,162.98633004371857,171.1689394697702,142.95848971679897,152.75843486271293,142.3130440420693,178.30250626197656,144.12175301949452,87.99679978745061
135.12685078724866,127.61246090619238,165.91499716689003,143.0226765814319,179.5534173159208,163.75138353617868,171.68196858523746,143.28537728109464,153.74846086212898,142.66595719872421,178.7699624380759,141.6220200528118,87.93172674345378
135.46723412779656,127.72346691464163,163.19121925702652,142.97948706091825,178.7602446360759,164.10222496847922,171.81719306871804,143.64824331888633,154.5020861092779,142.58105080008596,179.98651198800616,141.75544664469547,87.75923231468212
136.94956566196146,127.68836616640054,162.38200749010025,142.92719157832607,177.95209607713736,163.1142175384101,172.14193776307843,143.49563856445582,156.3883235797784,143.27807681267788,179.7951046909585,145.38338161604887,87.39568458870647
138.19727631791935,127.42789504225651,164.02612455360656,141.52537740389062,178.8937588313667,162.82023264791542,171.95025428150822,143.88430486842717,156.7937713752019,143.73373298151705,179.67156134293526,147.53918329079903,86.68287183204167
138.55824379262282,127.57373927519765,162.64926581207246,140.75033666407344,179.47208348030608,161.84362186650608,171.22908613374003,144.7573577179457,156.47113369441254,141.48138971212214,174.42682579396237,145.38554168876766,86.22168057137128
140.10601030053706,128.6193105357044,162.68839951103206,138.84886902184263,178.23458890216855,158.71455860681857,170.4472058124885,145.1327110051202,156.12262515788183,141.0442709213725,170.94756226495872,143.4656994703345,85.38714261950035
141.47277347501512,129.81947426060393,164.17649290906743,136.98402275997248,176.59635026046564,159.3695646639677,169.36648972511657,145.5433513554761,154.49600415924826,140.21964399902072,167.0184668700079,141.3691104433318,84.60215430742842
144.55691165532158,130.58520857349646,168.29667818400526,134.55142602837427,172.6837077387909,175.19801226824137,168.37067683424627,147.01257300251908,153.20923258694899,140.32366763384323,158.2312152667961,128.71690823689704,83.60022403662137
146.97310355605947,133.89684477729975,167.4803420125502,133.20656318446578,166.71042783685664,179.7998294159579,168.68796865449897,149.24947495236583,152.48089040628454,142.0832319980774,151.0842575226732,116.47724989711669,82.87637934831994
150.77867913396383,139.15967544682883,160.19216736569513,134.74109745401012,162.17576508018917,144.58172642545185,169.7772236470174,152.37476278761807,151.7286286351031,144.8778759973209,149.96692911318254,112.94183798337063,82.45540906478578
151.68450740153773,140.1971364657735,157.78421466855892,140.04870337399333,158.1030314195041,133.5549489026865,171.70697014320382,154.439634400183,151.9790999997307,146.08493293909805,146.69831868729943,113.2352850137755,82.81649197413458
153.1671928162785,142.29094349743275,157.8135081138554,144.48628983194786,156.83512851578683,134.68499322781932,173.7472379002742,157.02857838160782,153.69819505449345,148.19403434952704,147.8585152316668,115.94600130887497,83.07257493702684
154.9189372760993,145.599397676111,154.4847144704109,149.30354836435583,158.1219872856734,134.440163605161,174.0121764936164,158.22617357077968,152.65725457642873,150.26410694247897,149.29327880041276,124.2041511627147,83.19649632655246
156.80275110919655,149.37061102483383,153.19839939131646,153.85057435323947,162.043962553684,137.45209255676096,174.51661011846284,159.62378820739625,152.6112639451563,153.59306736407203,154.0591016600563,130.3782242643289,83.39381798612406
158.30519672499545,150.88378404429878,152.9782473518196,157.4817223731437,165.0854485922425,144.01206721039247,174.6678480045026,160.44054640705718,152.2092613375096,158.69086296671216,161.61628572587867,132.07222331781318,83.2268999872458
160.7206464682421,152.15926030345977,153.49630249353908,159.0126522185056,165.42201998453092,148.37612358405343,174.70468815364853,160.6474874949742,151.2868105735597,162.99860154254688,166.45211365812384,137.01232190866335,82.84263185512565
162.27517003897165,154.11706363417917,151.0775226645411,163.08641322144447,168.23002680566773,162.49592660132092,175.20619636026169,161.09193301346713,150.61079738410362,166.44313286702547,171.42819131357504,141.77649488646372,83.2321223045241
162.72196289169847,155.90001073566998,148.68048668752797,168.03301687834792,171.62752763459682,169.54336997797245,177.0550972446708,162.05100414232865,149.37936552397971,167.4315861188057,175.19244210756136,151.7098699532151,84.63046862867995
164.2340986912792,158.12066432831656,148.30850023726043,169.4057920588048,169.29826470477522,174.66380183868395,178.63091000530568,163.07469985977124,148.24601723594907,168.13219105224718,176.72267966020772,156.97611053240342,85.30675914999263
165.57644516121405,159.05263069661115,138.8032259534597,170.87489282649918,170.5915389190051,176.982591126615,179.7644024991474,164.83033048786953,147.17332350396015,168.32005623453085,177.90558101685423,158.96058505797555,85.74250131915039
165.69275606498812,158.45773960650249,133.40699051852337,171.8649119176131,170.80487763050166,179.04281083208622,179.07045326935278,165.13897935183118,146.53239206792625,167.99098401125974,176.69272488634795,163.34454450653408,86.41313060220189
166.71566423640454,159.46383221937802,135.8645873746332,172.76723102276466,172.59490195076512,178.7928640502338,179.22289206383567,164.87871684959654,144.3161380463401,167.46563877471388,176.26694048387864,166.00829842207557,86.92504871152923
166.93152376711646,160.86738662416187,135.9128304672927,173.2722987219011,172.21605169256273,176.9841424382758,179.83900753316178,163.3913780171181,144.1448809031836,167.67978200376427,176.82782396660463,164.95736190410875,87.50713946098385
166.84754579833444,162.31569259401064,136.32171706766462,175.20283661012016,173.32167478378025,171.87991781581124,178.88769520589813,160.99154887747162,142.96296242446678,167.11204897919424,174.93927489525615,165.59635217561575,88.42167512439575
165.5154669730265,160.87250865746086,137.72763271941116,176.07647970138947,174.85199504826517,171.74645309724758,177.80587510081963,156.96642641887624,144.1262112165338,167.01125367895736,175.00761480767838,165.97035905087225,89.03113636025249
165.03546001100702,160.388526017768,139.45287157452242,176.68372295182886,175.50428073579937,169.33538574306775,179.9095520866783,157.7170010048032,149.01743052159998,166.84490729360962,172.67468359184792,161.04717964482765,89.66822594972389
162.93514886514822,159.23080845742538,139.707102100102,178.18343872047262,176.12590642398663,162.79932006435195,179.3939569038001,155.7933415418803,152.29853629434632,167.0491706374174,173.29271324646734,168.19531310012258,90.44495509243322
158.81690800000172,156.13106721389744,140.47561745567333,179.4701000221554,177.140042318959,158.18128877455044,179.97561054195614,155.84386123566296,153.29955647778317,166.6482454905481,172.5906956616181,170.55440488208927,91.41571231889527
155.3725414697914,152.14753742369626,143.6236209976705,178.39551719337922,179.96008441060857,154.84225384928558,179.72703933233092,156.65077092386306,157.469757728148,165.36935579726045,172.83387863986684,169.86168200217583,92.67433376023665
153.01262983836645,149.3345116800998,145.63227645106798,177.59681212427816,178.85876003325302,153.77455283074798,178.53316028120545,155.64505460156073,157.0465949990038,165.41374018797782,174.4851012759509,173.3115004344487,93.1907679212576
149.11017978966944,144.1201266071927,148.1789174791659,177.2665923794961,179.2409771116557,152.96044833119004,176.63800079733144,152.90344429405278,158.44325190469016,166.86402645997777,176.87117288492703,175.60630682930645,93.3705328202314
145.7384246766879,138.98360949070988,148.67623817496138,176.3586842673239,179.58655986414414,152.05273120043384,176.53253995165042,151.79081923153592,156.44120290689915,166.9676690745411,178.06932973538235,175.9288765101613,93.83526326879661
145.2707477702939,137.25127511272862,149.55364373900966,176.55224640069434,178.369287371713,150.37991475755473,176.78212171227887,150.7688698572197,156.2677774131881,166.82984252991744,178.56691808896187,176.33835738611984,94.25867151289502
144.66795661072922,136.21739393571553,150.36644315405775,178.050065831172,175.3089710911291,148.48704568748732,176.56328725177494,150.25330271374202,154.4980318080625,167.54726034569526,178.76639363288817,173.6415937154608,94.2685988050256
142.02671349449037,132.5224600591203,150.97781480202408,179.93356357678962,171.57001060983436,145.47557064527837,173.5189152368776,146.4047745620869,157.3735747416566,167.6725458571996,177.79479673680487,171.30110155095173,94.04900184569965
141.20365444042392,130.6891118607381,151.61428804337393,178.01115668079737,167.26965182606676,143.61193770450896,171.3665275938247,145.01875383278215,157.06890653092017,167.44487851466027,176.86661850522006,171.25734548405543,93.88526307038144
139.12463337064995,127.79261422365889,154.07733296296303,176.1453948433949,163.7439413639859,142.5428819879171,169.03955883734372,143.0579204683933,158.06622649846517,167.49621552122963,176.5547078702374,172.72458628532462,93.8716013243647
134.6776989435131,121.30613190359921,156.02573801099933,174.54754393130267,161.70154179158735,142.9233286836346,166.58062282928472,142.53552510231975,154.34568290129857,167.82461766049477,176.2728282533654,173.5782259789842,93.67466387005483
129.42972981475162,112.87461977006315,160.0230060498526,173.97600017894493,162.3615839176624,144.80860495289954,160.65359906387465,136.56083524428678,153.2523616902687,168.50307293965605,175.1207257271318,173.5201729838087,93.01474362982749
127.67028307955458,107.28127229516025,160.71797482852728,172.7834345514022,163.02979202078333,146.18497693140523,153.44851577356553,128.985462529139,152.46245411403217,168.52878219277238,173.32372699889584,171.1132004460143,92.16349564274815
123.8603064244134,101.52700786299727,162.7609004103116,172.2355663758409,164.4283207654417,151.92145576774865,139.74915889327085,114.6427608400015,152.59550718691023,169.2519641316559,172.97962679912405,170.59670440122795,91.56642410683057
119.58352244169141,95.20012212853601,165.58527419341118,170.8652877178181,166.22203320116364,160.89004467750084,127.96893600475836,101.84378927961794,151.01738754574006,169.54157783236732,172.4348500492555,169.7632444344238,90.95474068746978
113.1327015210045,88.12117413418115,166.8079146416698,170.07810285187648,169.59666758138957,173.97203477471703,117.89363623492078,91.10856105367917,152.45150984886226,169.772308973462,173.09419440747894,171.92105418324905,90.57479965584743
103.79733062153988,78.00729297398657,168.20467705530365,169.16582774016067,171.5870200665761,175.25793939257235,106.87708119693453,78.64976960681393,152.0318602748708,170.05665722361047,173.59189984448733,173.95023003168154,89.93932736114925
94.7111764551399,65.37905177211343,170.5707438037067,168.3403929547792,172.94046822654067,169.14839298975298,96.29656762992647,65.63307129340755,155.4878379021674,170.06274754859777,174.05171543450817,169.01702414603633,89.92092397884099
83.37652392205523,50.079840175636804,171.84848761951028,166.48634513742752,172.35835718982906,169.89995153579815,83.68660004528765,49.97837276939874,161.7009902792881,170.62123965220798,173.94836706311693,168.72401725177576,88.25862757150443
75.37297674018676,41.468198413688846,172.38112880032705,166.42064496732303,172.44971459116826,167.4778596685919,75.67337958678563,40.76237470463371,164.23256397788649,170.08032821364935,172.79008785011547,167.76400630736828,87.89066284591271
71.28358111592023,35.253145858502094,171.3926298054772,167.58245688274118,176.9846054166975,166.02924265456895,70.02631037881602,35.48847915139709,165.21653872655006,169.6160849241017,172.31555357080484,166.88302649394575,86.75907302274331
68.46694931883519,30.016948503793987,171.0861174300767,169.03652612245338,179.19702802701477,166.11890999794463,66.77390734080254,30.569490924622396,167.08768487508706,170.64289559716184,172.16753405349593,163.05462759013557,85.82332520504184
64.25059007302657,25.363084707606095,174.08994370044266,169.61707769508027,179.22607782579954,173.10198940402114,63.37611156324936,26.376859059389645,169.56788218966003,171.54657768369452,172.39819341256123,161.2048645015086,85.27756901942044
61.64192027841769,22.705410834705972,175.63048604267414,171.2090689900696,178.38241951823014,172.9934760195425,61.694246119252085,22.61679730794151,172.12378576546672,171.83688318480515,172.89281867491914,160.23961543330103,85.15431568419135
58.50902525968036,20.44513618721192,173.09713136077477,171.2149233579128,176.25148238844065,156.77415468742754,59.18098383780639,19.71818046129438,170.2180609854174,171.87998381312596,172.61403138386908,154.68855690247182,84.84272962690603
56.929873873646784,20.387518551852512,173.27689634814902,172.4415714035394,176.55529817484978,146.7332017423379,56.6786755871877,17.272995844745854,169.87418190312417,171.71916344807744,173.32708312297189,160.35873802402568,84.94327708793001
55.77308999496905,21.935515976154978,174.49721069177846,173.43126816418055,176.98539125448494,144.79439672916965,55.62846097660904,15.830298287270077,171.2214693505667,170.83237698570179,172.64737446669167,169.98693430497056,85.35836552769378
53.7396389292255,22.6545534071969,174.91365112544347,173.7814012487341,178.6667554451238,152.166819446401,54.99156738652967,14.829075385703735,172.01324812032283,169.60620785312278,172.108205341452,177.6986309775594,85.59506383117744
51.03063625920028,24.11071187610756,172.46184002088572,172.88002401188209,177.89913970364526,156.01706218896257,53.64967336016228,14.443853712973063,171.54981355176457,169.2232201975538,171.50026328091548,175.89827216631093,85.54911284136715
48.825848331950574,25.443986951862477,169.44671194110117,172.1798889250102,176.68585977660894,157.60226275147528,52.014857072315635,14.915371717065678,170.76838435250312,169.11112474268177,171.32872953373072,175.67910260281866,85.44532032521548
46.76548993622606,26.40241357981051,166.58902852079729,171.49398410794925,176.43144761224826,158.98392885484577,51.2159149797524,16.927962594376996,171.35206174995722,169.2457519151399,171.64913396736458,173.7218768316137,85.06908572942015
46.97053911475858,26.96770392299171,165.72392671161015,170.7514323196035,176.18819225195827,159.53347487285276,51.48887934020518,17.20691606937197,174.4853205385073,168.66430202725522,171.21895723780747,167.1291195627206,84.85720109397718
47.639714788063394,27.269969972201437,165.6702545055387,169.88153217487368,175.88155342434544,161.9589555340291,52.14629313098528,16.17444485697381,179.65631870282263,167.3543148133806,170.28735869327056,161.85960821990687,84.68675881924227
50.833059230563904,27.46423114768253,165.77221905145902,168.8524875727526,174.2398621574035,160.18811473595812,55.090194777918,17.759521951943192,178.73046258870016,166.84016342109763,170.1960758514588,159.58708341057948,84.73139174886519
57.454220130938594,30.989854761551097,169.7414329440886,169.36222789798376,175.55001004969964,165.08054104834957,57.97474973796153,20.909313825398762,176.09956243023174,167.67024026189034,170.3083551697291,162.90690077217775,84.94322973284724
69.41057006227265,42.12559072521624,171.78110929465035,169.94874255558182,176.73262695511409,171.54724335051364,66.03004848517827,28.192985319116005,179.48178197499018,168.68855504644904,171.29665381687957,166.49432184422375,85.14247642211946
86.47708222097255,59.79271554468071,167.558035440354,170.29887456930555,177.46977997459908,177.69680511185058,80.6364782303435,41.696775925087344,176.72931877499877,168.04236476194865,170.2120284899496,164.08339163428244,85.4220322690916
103.57203291164416,74.75437422353703,165.9566779009289,169.787905521771,178.22017454313732,176.35454996748686,96.49347637402967,58.40704114838775,172.18163333161067,169.53166208351814,170.56370556261152,166.05991667523736,85.08283992315214
114.19644698085054,83.26367237317098,164.70263957196033,169.16836745641447,176.55493700632968,179.9316260892029,109.48990542889202,72.46066988287947,167.90831989214433,171.23265521906774,172.70668773188982,168.40749350471305,85.39666945132113
122.29615175538804,95.8859933809597,165.33801513057708,170.21956681375465,176.65348853236662,179.47545085707645,125.20868871185206,90.41344181726699,159.22581504569888,172.3073341353187,174.30443991348506,170.28928646146153,85.79016100435808
130.38751375671313,103.65502389556202,165.484082591662,170.50163777397577,176.29653733326694,179.13753627065608,140.08275614960908,107.96467103212902,156.45447288251125,173.7768187480925,176.98958796073396,171.69185986354302,85.80073801713712
134.58929415296973,108.8536813174486,164.52613706986202,172.04371481645748,176.35957093382578,179.51943614170204,149.1913761542403,120.56396635388819,145.36111116783405,174.40314283588745,175.7046783251007,169.32987193109284,86.14793176077906
139.1589011324217,114.08906792942136,162.9787430743428,172.80562380593517,176.57740656861654,177.98820603668162,155.0407897499518,128.9046563739504,147.0993400081227,175.28483162852586,174.513895309729,165.93025554291262,86.12107691625293
141.64957784013407,117.79167850519981,159.83587107430796,173.20449631393248,176.71978590968632,176.6826652311975,160.46018927985875,136.59361882686449,146.51153177296607,175.95243627111725,173.93507511002883,164.62582268133988,86.0144426788642
143.93087623648069,122.15782659118487,157.44964564636462,173.38081191472094,177.67566139157256,177.04765081130134,164.40647041544466,145.41984035323014,143.52213818359112,177.4523330897252,175.87056444213013,171.13786573277505,85.70113718442562
145.24669149743667,125.26294962096895,156.95277290815514,174.86096868999945,179.1797864467368,177.01929220838502,167.09461175825294,146.51532972586025,144.1585071526554,176.86568268939098,177.02774624023837,174.6269485309055,86.19285345943007
146.43551551295988,130.97835336036246,150.85856825783463,176.80011357965518,179.47728164784874,176.98993029058536,170.47082089710972,150.72966046998582,146.3588626200056,177.22855773273594,178.75787929060857,177.78552679358154,86.80927180720212
148.12577850518022,135.68309763486647,148.37632020793092,178.93728983961765,178.4046363644728,176.93437145451423,171.92369232253878,150.6484400792143,148.2757333273836,176.3569687735133,179.31557399139373,179.10878138557038,87.68415147865474
148.33233452712884,138.80855691703243,146.93235402199835,177.53825209123494,176.62917035961152,177.64292480349454,173.93083701138087,152.86825003101265,150.56032773390098,174.12519256292046,178.9622941196738,175.38596521301062,89.0264604772838
151.24494216390082,144.4453447458634,147.8020425925053,175.5286308275738,175.1875441562125,179.57196258319289,176.6879094948055,157.27902919838664,152.12835760036,172.87208447203503,178.18362043817928,176.0757391688765,89.79597580421124
153.57570239048846,149.45142494858803,147.11372800898914,174.02747532315897,174.6488839663017,179.7959254985053,179.61183224815446,160.58909554291947,153.53761764697404,171.0643038506465,177.8092418128473,175.70009928507912,90.76372531905692
154.78066202657232,151.33221711992843,146.9422909606375,174.0440042497261,175.53863359151174,176.12532471110765,179.4959317477639,161.4586903686028,154.2298217482897,169.969164911179,177.02755306025145,175.08505287060126,91.31594795877973
155.8166761555009,152.92390416104342,146.40376390872242,174.233603687378,176.20540898767757,174.15431529252794,178.0264924124358,162.93458010147975,153.45336555587423,169.37414837972935,176.38672972827968,176.68527715712023,91.79150652598075
155.73090524636282,152.7501341047758,145.6778515396061,175.20464233946086,178.09037848964027,174.1134299413119,178.4461855135839,162.5334385931733,153.43049276304092,169.884597426603,176.470916488557,175.90165369047867,91.7613772344872
155.72738342722926,152.6077632013059,145.423364383817,176.15877219317986,179.1048480568773,172.79893090895675,179.04199128044954,161.39347813122174,154.09885655963257,170.02392679310242,176.77534434056156,175.33221624395176,91.72105322941852
156.97661326823737,152.82425818891804,143.82171309047587,177.79591860433544,179.9166520956204,173.54643096081486,179.3878949082734,160.80067487989595,153.62914687632608,170.94258986193105,178.01746924511403,177.09689362439656,91.34811943296533
156.16361275569827,151.1670600992082,143.52103432998183,178.19531290338264,179.73272908334613,174.84183269146965,179.74711098639636,160.05761024716014,152.34591849551688,171.6487447849412,179.13876725998236,177.27124096987245,91.24996661996417
155.8031897796693,150.43825018231286,143.2676458923174,178.00672908049256,179.51106056543588,172.7357987230577,179.70912451171637,159.14633150458164,152.21129184563148,170.88574452599073,178.76853890420654,177.3660436524931,91.3825469294823
155.97511255843114,150.47982701856066,142.95249947151385,178.03636854823293,179.65484665176314,172.41328164667345,179.40289182880858,158.108098144756,152.74281606169163,170.1957713444387,178.43588325880722,176.73741750084196,91.49263790615413
156.65052078609568,149.95657483306363,143.8795668287157,177.18623930186718,179.25206243682936,171.51353959384025,178.47490800192293,156.5773633241567,153.31363777470855,169.2226350104248,177.84023829839114,177.50226594911132,91.65626132576692
156.16730846303568,147.7498663943679,146.7740868940531,176.55550128452327,179.76094397309836,168.46139084153089,178.32518395527754,155.3470979344198,152.93264895718255,168.20006553557934,177.9046927771591,177.0025717575896,92.01403335240127
155.58227171580052,146.87249310702745,146.96694543135627,175.94172459601953,178.93417455149756,165.5721366797554,177.05346582743817,153.41588399542772,153.019585897369,166.82673949513992,177.80628306905885,176.8439894899814,92.1632943254884
154.99800591877528,145.9370997270594,149.36310793724536,175.9830992192977,178.01466254969216,160.92114577602896,175.97806986560684,151.58876701386092,153.15135116183035,166.44408790767534,179.3702304556065,175.6714043365354,92.03821816800712
153.1056643798162,143.96324490150712,150.53268408933712,176.2589091846514,176.18551596599323,158.43761716193595,175.29887869137383,150.24759343287568,153.95324647909842,165.4485637141994,176.00560450755933,179.74418720571984,91.98853146310165
151.7406185923261,141.63409499653227,155.18026843800487,176.30302108544967,174.6973360484493,155.1663547736611,175.24385897128374,149.2714401182568,153.38506152499872,164.6501865854827,174.37798786347986,178.60090064143554,91.88186629443119
150.6336928104909,139.74771947826108,160.6617863099293,176.6929041393782,173.8858424888994,155.02323682721936,174.8101585423104,148.30686667886758,153.40464442816165,164.02155869145454,175.1206142780624,176.7901858306936,91.55910672611218
150.46181388515902,138.27038552514907,162.49568004497442,178.09537825998794,170.63010790266387,150.5761032656839,172.61299806689377,146.6732106539481,153.41619319863716,164.40305973265444,175.54153308765135,176.07405891655063,90.788444473931
149.07176796709098,136.42135721572095,163.00427969424607,179.7724292368105,164.2354324990031,143.67792586654912,171.41281878406696,145.78369530248187,153.36665152394062,164.03703253956195,177.70810834856658,174.61694566844724,90.30394965688701
149.18887686897455,135.43457055440066,162.926614044737,176.73484419810626,152.72864837221698,148.18477387214216,169.6296161212044,144.63109733170032,153.16324611757682,163.81000964555022,177.80889100080634,174.52611400230333,89.75674490043549
148.91814090639005,133.7568316920093,163.5390833462859,168.70852613474392,132.2006822203292,157.974159844021,166.90162112280206,142.81551728126192,156.34845101353167,164.49014234811116,177.67543057397592,172.67109588685776,89.02288817105963
146.58464664060858,129.9744163040159,162.79585312674516,159.82094477628604,106.49344909033618,147.67570824653882,164.99700618473858,141.539088451993,156.55991831054163,162.93729730210077,175.8757623199985,167.39036967951637,88.41578766244494
144.92315091949624,126.99930980800977,163.25974326035785,152.7417797844657,85.21363946278608,145.19529235364803,162.66737225439252,139.62195227469087,156.8958479981585,163.28726881844304,174.7297716573696,164.57480583805955,88.09270818752324
144.88512757874415,124.8207760469194,162.59027490140238,147.53074396624712,62.556911897819546,122.50870921327952,160.31084006025677,138.06398734485288,156.23359474501203,162.59836443645415,132.23610128691243,124.38649977507079,87.16919519397918
144.0398865237961,122.49695169195584,162.55556881460853,144.9402508769139,38.17429420438026,114.90959496795188,157.86616516866164,136.11914045998063,155.73937161364006,158.52969254899767,28.947126133810816,43.16061218614659,86.64472594323375
142.52873590296076,119.44506908516534,162.47425359049575,142.80804469497738,40.26955346237117,33.68301977828972,155.16666923077355,133.46838592995226,154.29902569597775,159.30928648436154,21.625854271901936,36.78997764884172,86.30489741965484
140.29739574383055,117.45853895050794,161.84507557571902,141.00109926011618,20.14617629411467,42.92183541517211,152.82529852399193,132.2901881613399,150.30549700336303,159.7516593110622,32.85147236818425,46.449618197148475,86.17340392958577
135.52008179508925,111.62657211400956,164.31911109890927,142.81238661668888,52.89392557064465,97.45326516770332,146.99138898233724,125.76912118640603,149.92198056425792,160.27762660739552,61.39239854522585,71.95064507893234,86.07593603679918
130.6857859431139,106.26243939095608,165.03190972651208,144.07860944434515,14.94775301491094,6.116853659299258,135.08198688437653,113.18902185954049,151.2493556063343,159.44661861366953,119.38331478696371,130.72378753450502,85.66428711492318
125.78482805344623,98.11561302076785,168.02842650420922,145.25614104730752,33.75376917648047,91.11222374940878,124.10570879972434,103.95850097879195,149.792626927681,162.75727361294554,125.84504626363247,130.62119867011037,85.05705410146044
119.80065686959105,92.30411137724607,172.25023914457427,149.71058399317278,42.99379429800237,102.50520626442174,113.42231519431283,92.36766051986704,151.0580770809824,163.20779500116484,134.83321130380284,136.09195680276144,85.08918873179057
114.15238042588824,86.38808618238376,172.68830102152498,152.40162630399053,83.02964886207286,134.74297446446923,105.27354740544364,83.56745767633818,151.030630777373,164.56653066672462,144.9080287094417,147.59341960592477,85.48444099180607
104.80214494720764,75.3240938060181,172.5546767842435,152.4220469664819,109.76143592703944,141.89307582819004,94.06275485367154,71.14159754070539,153.1113571719279,167.44375318275982,156.41416037437816,158.19268777140894,85.54873523857276
93.62124737904782,60.773195339742195,176.1006655309613,155.98977977909647,130.86291492539354,149.23038651497947,84.80065142628828,58.637376043541686,158.1838976133895,167.82901372554224,160.7277085451408,162.61036694287625,85.9423264421308
83.47993636973256,49.33930271831308,177.38893271906517,163.02922380861514,147.41815152775644,162.0857388998688,78.38055947201201,48.600275349348145,161.35611731213473,169.81499101334745,167.26188678819588,164.033864606154,87.17755585010698
79.9030738705536,45.828860370236605,178.23611779770414,166.30918617007637,155.6733975627063,171.2923373010112,76.75461853556278,43.15166591437898,163.71545982559132,170.36105979647448,169.61635153030056,162.72071708321474,87.72741602328634
76.7318779664502,40.5221845561305,176.76944169855804,167.89389681717117,160.53443383950528,175.04859565264684,72.33573985877474,36.58542773506086,167.86826255959713,171.67257075073016,171.66884872654242,162.38476942401266,87.73671720989128
77.13929074003411,38.642017417559046,176.79788823253412,168.29387306411752,167.40778466746374,175.3239153471732,69.39404340502618,32.50228080242109,171.94154261674856,172.15342761617194,172.8906242074021,165.38145999940545,86.9962553342598
75.67662715159635,35.07092916585748,177.68756261984905,167.22651826322445,171.2142951403853,166.2764952585522,66.03227264257316,28.719806716331394,171.9144514013381,172.40799445510518,172.47910871907098,163.65901127999626,86.77255512385794
73.4123438799739,32.60884812101755,177.4893202942784,165.99985694541786,174.9775710127767,173.17114865761107,65.55594664059282,27.386277070529978,172.84324468404043,172.41440652733314,172.10012418593314,165.97947490331316,86.28867291531938
71.70429074704094,31.0187755856939,176.47814981037118,163.95700142809784,176.24362395871924,162.359959787051,64.87891783117074,26.55804459832375,171.54323778174344,172.11932364504173,172.14745118174292,166.07950664685512,86.11986733791403
70.79808232526872,30.234020158941732,176.59807462844566,161.75523320951086,177.27153550403293,139.53737357593533,63.9716994418222,25.800386480367116,170.24599268018625,172.27042585565047,172.493130921967,165.5417820615826,85.87924798617273
70.04122332756441,29.29464134940041,178.0824900142924,160.91372837012884,179.018668054245,148.83162188272314,63.94388946283946,25.282651147665135,169.78560099001612,171.40063785862785,172.64381189142637,169.05463754712557,85.99700607673307
67.70739586232114,27.071050073129044,178.86601474114102,160.20780174210506,176.45388499157005,145.17056396553767,62.71610159436676,23.021049768739847,169.3443694039342,169.8326126664215,172.45085014081963,171.53733065907448,86.27676118643971
65.77390893272373,24.99130901813332,178.46298997684625,159.35127673009154,173.41831047554146,132.78963984702216,63.042857273164444,23.309772336059,168.0052869688347,168.52410842746662,171.6661655448991,172.34448068362556,86.24105223270463
64.72565896334281,24.331157556949204,176.46615625579872,159.4926627474107,165.4020622414901,104.66601340056873,62.927781054023356,22.04746924253056,167.3056690283084,167.85601191713798,170.84685277358054,156.03991891264377,86.26866690378664
63.830322592960634,23.649584445553504,177.5067049506562,159.85070973693442,164.2943249408355,129.62537641904296,63.394308890695385,22.15939682439335,166.6855806669236,166.98712060554692,168.47095785749897,157.87139476392352,86.40090538889172
62.915061765078754,23.539001274200256,175.86236471292963,161.506533175345,164.82826739511876,118.44004691696308,63.210871163280586,21.13067594715697,166.75442844713953,165.6442156457626,163.65294332235422,8.793134108044269,87.12241561797059
61.17303851648814,23.279968580026825,174.23982321575585,163.87312212615697,163.5784089974907,115.15610515734963,63.41479019487417,20.261700377828358,165.93055500747363,166.49388424492906,160.4094235096694,63.104320184703795,87.86533246250254
59.59542970631405,22.93542725710494,171.6122220860038,165.22670736002163,163.84547466226383,118.07009856973387,63.875596790763396,19.81935070893613,165.87560497514755,167.6972591570265,159.951949363471,36.00019835103951,88.27650961756429
58.97411261057624,22.573012700114443,169.7570083362237,166.61636286689657,162.94113262707222,79.31909528269374,64.89697950169568,19.776127557895677,165.56578626231334,169.51744658489577,163.2040669907381,70.23740765926819,88.7865992716986
58.69771987206616,22.880813069590275,168.34809144115778,166.99456842434466,162.64293326218788,71.28227697670047,65.98394075148714,20.031063838152924,166.1480253276766,172.57608649593502,162.81636509060723,4.536300778719322,89.17664930899764
58.265944452581806,22.79963441705835,168.04366710438154,167.06882166311544,162.8578571779325,70.35044625009753,67.25454273466138,19.812843063426882,167.32616546436626,172.07620366497028,164.09883593399374,19.295883346579767,89.37389564204597
57.45803172898787,21.876769428897834,168.40631965100354,166.96961623209924,162.78696137683943,69.36753339697836,67.35136052486932,19.624293455778492,168.1343615879914,174.3154935604105,167.01941622915493,53.237512076438406,89.69678333055838
57.05693443977408,21.134776538342873,168.2992910075008,166.44778499859405,163.8004851193898,56.46556416169463,66.4803139366762,19.39480113924068,169.03776550171426,173.38130052180875,167.45317060769636,34.65991088586615,89.69568281298902
57.137943347169745,20.780700026470694,169.6184284551569,166.70730768847895,165.1785073689401,88.6580256641488,68.0481163535975,20.248981518030423,168.165168529209,171.5380304386055,167.4421352335468,6.909505736198774,90.26930199645653
58.99374794993731,21.932057486153102,170.77916314694315,168.5807688979469,166.51587695084098,99.98424434745105,70.7909863425125,20.42209304527197,169.7865723902478,170.41991319903738,167.36575160394216,24.010871017239392,91.24041778155286
60.03069264639528,22.0969431076431,173.83413371638667,169.53608229192648,166.74615928306838,121.09229391666638,73.91381999712557,21.195138531451587,165.94934626518923,166.52601307984642,164.95818589854403,51.96006514835397,92.17936845153261
61.726225420906246,24.23158888112236,174.51329826990312,169.71964293229044,168.048437554417,110.25977873734323,77.30434131750376,22.58615347152947,167.66996601559282,164.54774873563414,164.74090015574262,124.55992265454361,93.04378807462378
72.3620032560343,34.40328502213418,173.73885608478733,169.14832063210426,171.06543748658567,162.09688633331933,84.37447399126316,29.18440449563994,167.40195667934094,165.46399868645653,164.07412146380227,137.3858683912754,92.61027164652647
80.6305663098533,42.829597148325334,173.43151754517808,169.48074113482318,173.1626732892308,169.49080931648933,91.0722484717632,37.053453693111415,168.4178891823712,166.79198443995503,165.49215572443205,122.43572646714614,92.19471430674606
88.64087279029272,51.90218543062231,171.05301383064875,169.84937845771225,174.70402373221614,159.53318819490917,99.86839967276002,46.90703409292105,168.27529236102004,167.23278403238697,167.28951338563837,149.1672318050313,92.27309591583854
97.37978145100757,61.42009389531064,170.3341387093431,170.9755183376583,175.12444332537905,164.7548478843777,108.1681985494708,57.78791195095849,167.91788339882996,168.49360873367914,168.52777657099764,164.0590858520347,92.35980835143627
105.84874584267364,70.93400644370494,169.14893928272767,172.55565562504995,176.11284139140594,172.47767598604185,116.4592573022863,67.83726883651096,166.84861130477188,168.0208891189042,167.23813662252005,172.0634153835349,92.84219055802912
113.78937800091417,79.13712266450298,167.46182567112055,171.22643922418314,179.99488165233882,152.29293446913576,125.39577074354644,81.11773071302434,164.5272613266555,168.82984343580463,170.6817958708789,175.67780615988787,92.08983949142842
123.35639808186696,91.3124901212601,169.58140866088712,173.17308515141045,176.80375811834392,161.62465653447688,135.8021121785886,97.77443532039456,161.23660961184657,168.37774169252984,169.54172988558486,171.24854294532878,91.42894549860756
130.56866769466956,101.2074364450571,166.4041769772962,174.13717355304632,177.27419832480123,172.29596852612974,144.5837332000339,111.72248416232854,155.39011658847963,170.30768270795673,170.16807448910413,167.4929005754337,90.5330623014123
137.0720521063551,109.56719615983988,164.89832775622224,172.89954338074293,176.8039804431724,177.31727664180823,151.83316009710703,122.97821913708746,148.0736079537005,172.78981531256963,172.036629507245,169.11842552573,89.52110912809549
139.9656110448367,115.01903572943797,161.55105702156106,174.2525811642869,179.68493731861577,178.0612532209538,156.11854082412722,128.10511909131594,145.20038409381655,177.54857868929992,175.5860541075715,170.25705853684812,88.4035105590019
143.00713293766321,121.44205672044893,157.81495951040415,176.82024592474426,176.9800938254353,179.53678055705313,161.5038919296027,135.1159055801328,145.01263011054357,177.43121264809807,174.55225939710155,168.3973641677704,88.32985361605867
145.53204045045018,125.86501327345744,153.8162194810189,178.1259575804507,174.0686439163857,174.54362801335677,165.57833191388661,141.9200251538252,145.2695393818266,176.58593096216845,173.86086503016722,171.04330053737243,88.0709076846725
149.6479159751712,130.60656489644668,153.25534233644038,178.61877568734738,175.10190831344642,174.51999127668654,168.56979496961347,147.79302496735195,144.8657612727653,176.58862163592426,172.8881796536998,171.0748754835677,87.65595425073008
156.6606309464437,141.20958009406965,154.1703291778818,177.94008598165624,177.25002866283552,173.4977158403835,169.6359384991256,149.5266655795842,146.8744799892292,177.27126578116815,175.1196878517757,172.85208890756024,87.13802175487346
163.04289016402961,151.48760957929792,150.6994094316078,178.295059032751,176.69126672493817,176.68537040614206,173.05393790278112,154.67377115097216,146.15940598669272,177.13596276190552,176.10820294394713,173.05042910170368,86.70993000508415
164.41412116697515,152.30743282049622,148.2033506460525,179.77091776663718,175.0072669221999,178.79893231321947,174.19125382518945,155.51342108470865,146.7163692475424,175.9688661541775,176.38812194661048,175.9146749812807,86.51470128493406
164.55069639998197,151.10789195680596,145.90812184533067,179.0979980797164,173.50938055570072,178.5474090275491,173.56726550269255,155.00895728660635,147.2249308456611,177.50582857526396,178.15763982594052,179.05203758628866,85.92155136355346
163.6831696048365,149.9689582617595,146.21471622780143,178.3084389969855,173.89686883729559,177.05162179019177,174.00771887571076,154.935406481363,147.25032135683827,177.10161874427723,179.50037455011577,179.8003198916823,86.10781036703891
163.2835408540183,150.01088377906484,145.7997880865296,176.67679431609807,172.96304986668503,177.13825373726985,174.48015553566808,155.26106996377953,147.14138647612953,176.8891780829179,179.66730075454868,179.7105648329401,86.21296112869145
164.43457023338914,151.78311345142959,145.52650318438992,175.67889491494137,172.31511003399157,174.37652994125784,175.50258289902695,156.74969249580138,146.8643359764476,175.3307055599052,178.7733973523238,177.69458366711507,86.35103291686431
165.5878063804201,152.73124748175778,146.82713830366106,175.36335519966494,172.38922838659306,175.96785877823635,177.73175950163323,160.08770569524364,146.96201746228968,174.55888914860216,178.24081439014236,177.89538033765385,86.25685043020148
166.2971109664719,153.26979895659431,146.8877310621272,176.39512572078087,174.2604218864326,178.1961084222107,179.1124752078512,163.06047582185568,146.5593824808632,173.8709747535235,177.58364064593252,178.54809932456533,85.92875472780894
166.86014439716004,153.97008264923642,147.16385184647527,177.51287482479344,176.33894767329826,179.22634584829356,178.82757427917073,165.60393841576453,147.7109794340078,173.74097959537315,178.36803074929043,178.36030708476972,85.78153258298835
167.14899609181504,154.39807753990294,149.11211343817297,178.05107158434913,177.2917042169806,176.85925432353255,178.38073705439479,165.44382637993297,150.05459047672852,173.65420512566666,178.80665168672698,176.23004903445678,85.70800693528706
166.89511000021895,154.02773786350144,149.7260053585041,178.22276305208243,178.38764090457866,174.20344293075217,178.47471853150702,165.39399086690293,150.92342110832735,173.59022148909574,179.69407324014801,174.31164581922403,85.69142326030428
166.47147278550662,154.08290603198176,153.34388443893167,177.89232197780203,178.7398468600897,172.96938410952487,179.3104683498523,165.36753579712044,150.94677017070225,173.80844597637494,179.9382895804574,173.03530386023843,85.53959780892313
166.38476084091735,154.10327261508772,154.9233706227432,177.38498777979916,178.92058478033906,173.82976062253238,179.82406664782133,166.22474496742808,151.8955405712222,174.40571605913806,179.84625347108795,173.9993393534854,85.12429933663586
166.76856042069866,155.16190031595056,152.4995298662748,177.21291387431148,179.6798647867625,173.90355416202055,178.64648435587435,169.2870101957283,152.00332342829552,176.02685184848178,177.77446088722778,172.95397809465962,84.81104782281759
166.73275088078447,155.55405186571147,150.6903243088022,177.71854166305496,179.3049022407409,172.98093193130836,179.11136289221648,168.5846729614964,153.37794538180074,176.84329125916472,177.42015711217837,173.22386321910082,84.52651143857621
166.90956558350243,155.8525079459568,150.4873259201663,177.7955136078989,179.10402292819134,171.73523590999739,179.17348128273107,167.75775794378924,154.31712469331762,179.1079568162251,176.4020313265508,176.15821670983937,84.43927219967192
167.6677948576624,156.2107145438848,150.79723802696802,176.68348943095734,178.27872370298417,173.05156580879367,178.64551252152958,168.22450526893806,154.3631773414847,178.7196171614665,177.55848531541514,178.06188823930808,84.01572779140075
167.82383845691606,156.32317234692658,150.37438499865416,175.81301259413613,178.14871777722692,172.90606961121492,177.9351993832212,168.46350656196617,153.08206777931798,177.76254710948726,178.5263879804248,173.55934888371985,83.89369500221125
167.9159110083976,156.41122978465694,150.12512357676806,175.5203083778688,179.0163991979677,171.9316230273305,177.089275710288,168.65522079264974,152.16970438636832,177.50776278758673,178.19268257233526,161.0721000792147,83.96576424301526
168.03289067237446,156.4349179728076,149.80664526779393,175.84845837094085,172.1107641418497,160.0554422230904,177.05769370796904,168.58205458217716,151.4790487159321,177.24537999618957,172.74536666033381,150.42777597935117,83.89960744492025
168.2251464261321,156.53672645432215,149.73490220027378,175.28251883042398,168.74689932742092,158.2083664556025,177.40204263154743,168.19313145394597,150.98026041772272,176.74046823940478,170.0816236486199,142.87212382980547,83.86071985120209
168.4815023648686,156.71869328085512,150.02352839159116,174.84468319780115,169.23557908689898,161.90991361434502,178.05670972287032,167.64706390981394,148.94927486720837,176.43699222633376,169.621780930427,141.58126724843723,83.65963252196829
168.593749666697,157.0739980267638,150.39481049388687,175.02442225414535,169.63031745598738,161.60085800831826,178.1448050180825,168.21049152606204,148.40964538198864,176.35808243506298,170.67636549537687,142.87274809789614,83.51696742933716
168.87962374592686,157.29839983088198,150.6806235931401,175.20852699225136,170.68539564256952,162.11613876623738,178.54625491048228,168.13338189652174,148.4932713237189,176.54388243236784,169.19695087202106,141.78186307652166,83.4225315776209
168.94242536065184,157.6872352141794,150.21607417451625,175.4707306540178,169.2644896872978,161.59156258279614,178.49096561184808,168.2387928330212,148.23256256949043,177.38489186861315,168.35253711975443,140.1162539155308,83.57236478771358
168.25581960701638,157.64729074315966,150.05635549243928,177.27178108751784,164.74292471940365,162.211266187739,177.92611403537367,168.46250572315464,148.00973484391423,178.9323672675077,166.27458163491238,136.81842910394028,84.10549207130549
167.63046264162688,157.5983310000822,149.39632525269894,178.99582761882357,160.01416887235976,161.46869164978,177.26588840532673,168.68557784901319,147.71427361595124,179.29808490131722,164.59566993541605,134.2308494517318,84.63622937026977
167.2516887262194,158.06251486701507,148.54794290773057,178.98502797213834,157.56739266477473,160.29966252090446,177.344720574251,167.7337991953917,147.4308588124595,176.94899013723267,160.0147180742207,131.6702265855931,85.20675307319372
166.72102923106237,158.56892143870564,148.15092413006144,177.4024400839696,158.23291442148195,161.74026275261858,178.10654079397992,166.46372090587,147.5251462722631,173.98035546534373,155.76120820011207,130.52911307711918,85.88572083056316
166.04391934247272,158.96593075086577,148.37683451405587,176.84565668893768,157.9200626384269,164.48536398659655,176.81551031641743,167.5392409306742,147.92177717995207,170.39988026595054,147.95387913585836,129.30634668284563,86.70326713260552
165.07272300336385,158.65402540119115,148.50165410505602,175.85279982957715,158.58144835591338,166.21757036448955,177.1839381581124,166.58146474925155,148.54929340805745,167.64454476802,142.08787346236952,126.33440708665243,87.39345564140243
162.67958412321417,157.16384416159124,149.75921914544384,172.29100040084325,161.69819675834262,168.85293453042027,177.0131814584743,165.4419099016812,149.66500853154906,164.6107202187173,130.6987544986759,115.41958337225235,88.81181262576303
161.00637043634688,156.17905904573539,150.6539996913,168.7562620888732,165.09426423795978,165.01090905245314,175.36879067551504,165.35358061728223,150.38679895319973,160.81314138417264,119.8063180111825,104.003001948276,90.44814091664166
158.55970211868973,154.35149319104144,152.00935056550483,165.73863180851205,165.5691096127063,160.57452134834944,174.13040422782825,164.6582439090619,154.40365382050845,157.65026117876874,115.54855116204334,116.18552622266871,92.12022884235301
157.30153505675418,152.89160927945574,152.65289215172342,166.0855007281523,161.71518344945116,153.19530985998213,174.87877998444813,163.24823492137375,158.97521286956615,158.70227529179698,117.13542338517381,119.56845900603179,92.87446702236329
155.40851398818097,151.42757533094044,152.7365768137641,168.30490793857456,152.95210041269524,144.19302320564992,174.91615457484914,161.86592723485964,160.9849450146782,159.7046195877597,119.94122003262784,122.80597988076424,93.91960146090047
152.70263608043925,147.64750771327158,158.7458258360962,172.65841494843085,142.59503713102885,141.6414033225555,176.1269003662501,160.89548968036496,165.06448425792252,158.9030978300908,120.08096163790988,114.02288807673372,94.8332777931767
149.24702225001425,142.9076153390658,155.2980944580851,179.59595691133143,126.62600490180286,136.68289417879342,176.89364491458866,159.50846575225532,162.66749606872972,157.43834213912774,114.15664774113876,114.8396989349379,95.62785314548266
147.75804296850913,141.12738137150012,159.27534561128627,171.52227122954386,112.19375582015223,139.90830745063676,178.14221872453447,158.4621357301026,161.76037606745624,157.72338408805822,117.61781480098048,115.04711249006773,95.11651431692368
147.20417078697722,140.188622510767,156.5021120544016,162.3233108101966,98.86241563333304,137.6420424602672,179.09531561753244,157.4993440041716,160.51888306967078,156.27646847645516,119.04754749686624,116.95331909150539,94.93047387889804
145.94619828614864,134.91333704205132,158.8928586370896,157.0368754580422,90.46244783662492,135.22662494735454,179.36467554451548,156.02298306492904,159.9018354700207,155.8991950349411,116.81722632580488,116.25924350943306,94.43827543314228
145.10940632519288,132.7052873189101,157.41087101337968,152.3678336821053,79.79409297680773,132.63608859135212,176.50592077034304,153.47980084232705,157.65996484424957,155.4663040322049,118.87401907255995,117.38122732599109,94.42322641640439
144.20283738093636,131.05571109656293,153.2854514264812,147.78263052211335,68.39407000567374,133.86181247733612,174.01348234307233,151.6473257044577,156.44418903237542,156.3743821247183,108.85071948982804,102.96290833133257,94.40119814600168
142.28676328743276,127.53720014932699,152.88873686888917,137.25186254769312,55.80577051337196,136.86396518006248,172.24914123988114,151.04718387396343,151.38682278899955,157.13324365330848,149.99435408637927,172.99690753408424,94.10177327204858
141.1746752451048,126.81615606180557,150.722652095447,126.99872950781916,47.510379225914825,136.6580427080951,169.9036503095967,149.71243363057852,151.47431651997863,175.56853921213082,171.88555091018796,172.56094433630827,93.7032090997308
140.71914719144354,124.62694293643816,150.207583676928,118.59010425094526,44.493911302017324,135.27588493185795,169.13931440515174,148.34607292683108,150.3207649441426,172.2906672788539,177.95377326774621,165.26208218321298,93.38067404096141
141.63002054790638,124.92221818285496,151.03551933041751,115.72154593166577,48.677493756527255,138.03897058168076,169.14526094986905,146.48518555538598,152.34867075554902,170.20389383359247,175.76497649707593,147.29721319382926,93.21703938554349
142.6325318887254,125.57907271839203,152.47456970058008,113.71889309952347,52.29718949214164,129.57535807679406,166.6901118956536,142.5337366710755,155.1718351536893,163.31456484834484,161.2030534065614,149.81042246730797,92.47958829688527
143.34664891208723,125.70775696908485,153.20977620048365,110.32352718856943,54.03351994382042,130.2853258229307,165.23852394083013,139.94920873886454,158.90983551784245,139.56162915821727,160.91291213022578,159.92360488289137,91.94756971928568
144.23966959179148,125.12294222968359,154.45649049675055,103.47552171774038,56.102505577190506,129.77280450025947,163.54548803377602,136.2785053323732,161.54696431404918,130.42830519177443,154.95855089495137,171.4459240598003,91.33342298191764
145.05016046779966,123.25080415577503,159.8624311835954,92.94744789533442,54.03372542345424,121.12526845045251,159.84507906303432,132.38173682449434,159.16547539356395,97.54147566945785,121.15111006897072,165.74029428065506,89.93779381241501
145.14403800003143,120.8260221920439,163.92428310076477,84.62453519617989,47.740532286322555,127.87436543963099,158.33380359048587,130.89430820027977,159.64112131096167,81.59495373696467,112.50818942834388,151.71619300874337,89.48393567688106
143.8440499779646,120.52716951255302,162.7794718954526,78.37550414342657,41.728003134002755,130.24574144276139,155.57732166406402,128.36930184461482,158.49342891612386,69.97443656292428,106.41549764596557,150.71310438056244,89.55030625368606
141.3042029038735,117.05382243909735,163.90927317058856,69.72081518019779,34.09538988669417,137.6766051311348,152.26681105360706,125.85162309201358,157.8702132351889,62.09522977523529,100.61383855535135,150.87329059776658,89.36944810210973
138.54129448179245,115.58771007466231,164.98978508296517,65.67389866574116,31.77359318654652,141.2345177240704,147.340045168102,122.15603797235345,155.17253289050424,65.5107864138168,104.03175139027925,156.79920017455186,89.10828916939593
136.62512364098265,112.61352787951581,166.37718822577656,60.76757115170986,28.238063342482853,147.45057569283492,142.40560453758388,116.82253885851313,154.03782688647092,54.97417882931126,91.09035310352442,160.67728198215644,88.3832421397038
131.85866455652,106.36916173925911,168.5980046075281,59.57093961880156,24.51289954391706,170.3708162011261,133.00260890559952,106.06860302028281,153.45048375609662,41.20710380787264,80.5097404131243,162.68775775600545,87.91953329652078
125.0669885142429,96.66310310077414,171.64960595308156,61.68157377405086,25.115744226832476,168.6943346084392,123.31227318381194,93.22449083592005,156.36287905509977,37.332384613209214,78.50499685005414,154.38276005074874,87.75477703585285
118.75528320004047,87.0480759873823,173.37723878024465,64.75925078106565,26.68551667893358,161.5876755728989,116.8656981334774,87.20713341229182,156.32796316787906,10.490620428524855,47.97800908764646,161.37937433348674,87.42615701138413
112.64654798037141,79.5353466446712,173.68247413448503,69.23485210011047,29.50776986832671,159.19895539592628,108.31777955979693,77.16822711479276,157.95352453046982,20.80762324895988,13.51340508798161,165.08599958432123,87.51494669645811
108.57205854875895,74.8458127457291,174.43518095622227,76.35492072345208,35.647359346147205,150.0130712309172,100.53613468471522,67.49304204558932,160.30605499273804,79.05003830859796,44.99807758710359,167.80256448602606,87.03462652378845
102.38533993389552,68.03194210355826,176.14598098174895,83.62091849040782,40.80499114777223,153.2389945414785,94.30119294096083,60.875590427383266,161.36507528364643,99.33921350617734,64.11428001290294,139.81117937573316,86.44812064118291
96.5000934328608,61.38848285280681,174.6479936858867,90.11009231648107,48.19640813496545,140.83582152904367,86.46894790764483,51.14818249747151,163.92201405395238,116.81560473765877,79.51876235305184,150.87078467880676,84.84178909271652
92.79379073702538,55.60624919493927,177.08435860068485,96.83536772154793,56.112903959502944,138.11600323720467,81.8592236369472,44.463451089608895,168.7827449911408,145.25165865873913,100.10160474273744,142.1033744460436,83.8071797711183
88.43333051507044,49.115922180972966,174.5182154698874,113.64638545287924,71.66785186705769,123.0926834107792,77.89601768250554,38.50546588486076,170.32381858140687,159.81800196106428,112.10574769219376,147.0170801289919,82.8110348713179
84.31445737010716,43.33522851508588,175.21094152858595,133.75886077313743,90.384694749232,133.18781893327326,73.51937854228899,32.16691906386506,170.67706825715297,164.47446152010784,120.02526009651764,130.70048856539245,82.10996167126572
81.13688126158559,38.828367598563105,175.3660108853512,146.7387232927977,102.46600009203877,149.12977350480628,71.19873833728369,28.44719088619379,170.69188930564522,167.0881997000301,127.09991841209983,109.6474974991225,82.03356940814352
78.91285703085777,36.20267814506761,175.72270008459284,154.3488222102074,110.9317895307656,143.5294512575039,68.88437287088333,25.377196650227287,170.994625957956,167.98471931951656,134.59400093843132,123.0211422629332,81.93025690780964
77.43077991969564,33.16381926362421,175.55751560063922,167.50959547031792,129.61164368101416,146.42049874319736,67.76285100298165,22.9992602980869,171.4616167469761,168.1074185157204,142.92640475858033,118.28411950141256,82.22021499010626
75.6536629878043,30.65158652864558,175.22765126786948,176.20497018390896,145.368827960271,147.00754704182364,66.15145257708417,21.039205215759402,173.16784947448502,170.30042664814138,149.07858009121657,133.21366374711587,81.93748393267103
74.56033456556646,27.505067380736538,174.21723900831523,179.39088894717148,158.14806049429214,161.33868505545703,65.98034399746834,20.878909723495415,172.8225210215687,170.77922603700313,154.00047270986659,131.94982165123608,81.43508594369933
72.47059896372971,25.473257738187304,173.5792578834229,178.2239683944917,164.169762541683,166.23831240975053,64.8238987465799,20.03780453627804,171.7340850594238,171.29728045964293,154.74112688222436,142.57802537444076,81.31678803636098
72.43786451493573,23.894986989633807,174.07099059388653,175.9910957135186,173.6683363926509,171.06988925536714,64.17474743608967,19.654627878917985,172.50733456808084,171.98970533156987,162.0013999451833,134.30499957288322,80.86000460955017
74.6632134608715,25.005292260411395,174.12129717474127,175.25632084569932,178.8433262779149,176.66344017592192,65.36364125254698,20.59642048567245,171.04029997655027,174.28242278751793,170.37340255060892,134.57728840537894,80.46950934366092
75.13462745013501,25.10880790482499,174.3814846726248,175.3773341199381,179.21893718112935,179.64114882861261,66.50615363328117,20.551275800354553,172.74959709313202,175.59725800423445,174.7858906981412,133.75504702629408,80.76883694650986
75.63856724176452,24.915847218381643,175.9411227094541,173.87295849074312,177.66349195483852,178.90544298598329,68.01970868637814,20.991127091226325,171.09833057790885,174.72223460084282,173.6450981960747,134.16748958340122,81.12672493542443
76.18154066880919,25.701949252579325,174.77072103514755,173.22778906061967,176.88340189477415,178.85930855997438,69.21612036539887,21.138069690554115,168.9875723421663,174.18748216277032,171.8186312450865,135.10700617408128,81.63527777153912
76.8690024314162,26.11686574330844,174.7839012949157,173.56501683483674,177.2511384344514,179.052710488036,70.13842981252834,21.10517315243291,168.34156622678023,173.70147900779605,170.82432859768167,136.63620833030265,82.04266177135472
76.80449826329712,26.44341627762056,173.17546622573116,174.32362464168764,178.05907323020648,176.74336636221304,70.44615266922557,21.21381962535952,168.19482312882172,173.20288761308169,169.49549249441412,129.6543708578419,82.43033034199486
78.46670337604203,28.538863966596594,173.03084013842266,174.94333773176206,178.23586752893416,178.61241847483737,71.71856063971572,21.956610517383538,168.3462371467904,173.09561838461573,169.66541385894632,126.14225460524464,82.97279867906973
80.15995904669738,30.96144458419404,170.22077425234863,174.66187389715563,178.46726487981388,178.15302742324891,73.97906541388161,23.84871397973021,167.35215489807115,173.21153946324492,169.82467480964448,125.73843418719102,83.55680303569515
82.55029489457417,33.9593762282507,170.4967627441476,173.3635989901957,178.1224550870645,178.18898292037102,77.89356422472444,27.261394573550454,166.66022005192002,174.68527902583978,172.65616590649213,127.89653935102353,84.42120898742166
86.11008105797633,38.358174462179456,168.5437301339946,174.46580879851254,179.64639191479833,175.0754590519724,81.63188278319322,31.052080532890685,167.720397495452,175.32951134227713,175.15279993400048,138.77776089536098,85.05559435593179
90.52822607774044,43.373102310607656,167.81873063101386,176.2023796517824,177.13982844624556,168.92979642654757,88.13422108308094,37.6936899444569,168.16395840328087,175.54621344041826,175.90593983660577,140.05748622703956,85.33961629342711
97.10587986308903,50.456708687912794,167.76918805327244,176.1928480967934,176.668158558514,171.9191271247445,95.12711212702004,45.02157056528355,167.72839592226742,175.96208997675976,176.42378259719047,161.6233455624084,85.81583204171879
103.37774605668305,57.48094930579804,167.7986152299135,175.87385020105017,177.48371459852436,175.53011825949403,100.83622964179851,51.50591971710544,167.15985993510148,175.995377866796,175.85699744001892,165.78001127132976,86.34653867381832
110.35245614351061,66.33762977211376,165.08610837919036,174.96314313957612,179.15594781703746,174.95563188491616,109.1318839207902,60.99396532686599,165.93728669122544,174.85661592181802,176.1433282258349,164.77123022347874,87.39149860487203
118.11481153214349,74.90125373014682,165.29206996211036,174.7295408741059,176.24723631143854,173.87340421578782,119.29796598500306,72.2289633519598,162.16820470038303,174.91612778666308,176.98092236362035,167.3443932118368,87.80587967744367
123.94578796334649,84.47008192636407,163.35066885261017,173.8952680867574,174.06223157992105,174.30411043558104,129.1353809711843,85.09346246068593,160.38373556877136,174.82071564635146,177.90576439453127,170.97996245700236,88.55958424677685
130.5626869837883,93.83296862990555,162.94733075083656,175.17729111683695,173.72138317175074,170.98143693363932,139.06262645920316,98.6320981165809,156.60781644522194,174.54687183793976,177.78040033685426,170.86930276047465,88.80787302293679
137.41273972775707,105.20099161139036,162.19813691830322,175.76904195561167,173.58836623700907,168.90211511184498,149.1152400994934,115.14889216909162,148.24597990975613,175.7250878852946,179.35039418822663,171.62085125152217,88.89556679919927
141.78454204272515,113.25066106839317,159.29420592906797,176.56297413064135,173.94302381249412,170.31589036540635,157.82561101523024,127.89512489940088,143.0947897872191,175.3513144160012,178.78321071504857,169.94550886060074,89.16889953210764
142.93398498225048,119.02348706390633,159.4551320997485,175.4164694073652,172.66031896448771,168.72011663972722,164.01433244124243,135.25768198372455,143.32698991161746,173.82624852448967,177.85715947585444,167.9243733840326,90.0901487722892
145.50413215596987,125.63730779442066,155.93912172690096,175.23522826533843,173.54214684540855,173.72064265280756,169.465484717986,144.2599250125148,140.54346120364187,172.89757087594734,177.90103286832297,168.8796722965979,90.67212646332055
149.2957012901137,134.12237045440398,153.29244618016642,175.90510917177193,174.42447676993277,173.298254809238,176.9070472327754,153.68352710462275,140.209962061213,171.23994385398066,176.83380264274868,169.58262326080643,91.22532688771233
155.4599849190841,145.51888190951874,150.96185090734525,176.6979286982841,175.75207215032418,178.05961583232562,179.50021118766767,157.88183939118588,142.23369218369936,170.08160445045993,175.3028221226146,169.1689525318594,91.4987118559152
160.38835328949716,152.31681524605258,148.15388970820095,177.26669024915458,177.86179083498473,178.10989430330474,175.22590854722392,165.16812530356506,144.1374253984814,169.93379513328824,175.25635652608938,170.50532952804298,91.44639619319113
161.1488274400036,152.8085373655963,149.01335345853235,177.19917543130055,177.74427905228413,174.98501980830952,173.03819158460857,168.26689849756647,148.03744026131932,169.86522474429725,175.64546156578578,169.92661667902482,91.39668668495568
160.831311977513,152.28794511623795,147.50905032245564,177.54019791047227,177.9418328686036,174.64533841323484,170.77101055064134,170.17948430475477,148.12702289051762,169.1157728131623,175.08740800044885,168.88651704430745,91.45452847687677
161.00045889301714,152.35202024780395,148.0189866591321,177.37758673101428,178.69719914801593,172.97758061569422,171.18073961210095,169.37719942022287,149.13436415514084,169.0587839545088,175.53795277691478,169.87979373701208,91.45998921206682
161.55767721099318,152.79052469315477,148.38966088832663,177.08264618008522,179.21948771435777,165.5444457934101,170.3607535900191,170.4680681255806,149.86697173028196,168.53423995056565,176.09776272874274,171.91809454299667,91.56384164623144
162.2197580473107,153.80978255770822,149.4215634870468,176.6504843066224,177.55401058041042,161.31709354032841,170.2866024954604,171.29266690551773,150.42128387672085,167.8368061376669,177.24470807173515,176.8155949966463,91.56938684656092
163.58877078826978,155.7228210632529,148.50660090860072,176.81510931298348,176.73659167054842,160.4848308252131,171.17365116480934,171.33430212897474,150.40785973684675,168.3948239021603,179.25238699385173,177.48327274944504,91.14669051134248
165.57789771560772,159.8635550498388,149.5927331866331,176.72835007438397,176.06415536139352,160.75644060220094,170.71606536678507,172.60740542336052,150.48927885640796,168.45505044083467,179.86022237016738,175.29586371358525,91.03210694518923
167.56402552930498,163.1310216510492,149.94545051256793,177.2612053093692,175.07961540906751,160.3571479263681,171.17312672037986,173.07007763888757,150.1206087302624,168.30999728262412,179.89354955848967,173.83895592518752,90.7425645361773
169.97204701427304,166.85932767873052,148.2841379723874,178.20452217322602,173.53432292705253,158.39774424910954,172.1900569710503,172.5223953867552,150.215855041565,167.5799615515627,179.01874782725926,172.6662249703829,90.41586603380226
168.85417688221958,165.342893404623,148.86829564766103,177.58445622207762,174.2837990260417,160.06550005625934,173.91312311386253,170.80762448972683,148.83360681882033,166.04914785289387,176.44523522756722,174.85967549029306,90.3401272036583
166.57016083003393,162.9361061831929,148.8667159208801,176.48651714448735,175.94624522725084,162.85676452985257,179.55669359971202,159.90011714812454,155.22763273227375,165.23733696103358,174.96963495242252,178.0833015689853,90.19406579171294
164.35021377243413,159.36317235157406,159.18600673159813,176.8538773874042,176.10136734306593,166.99178546805638,171.28182754811544,137.9064717928942,172.6479731322698,164.40266175860293,173.5169615351553,177.937228448697,90.10706139339909
154.28505075862444,140.44915169604465,150.8672793261045,175.09642585094562,177.20015681299205,168.82911474416113,169.50023290372891,121.23205993333247,179.1969257853621,160.00387914568807,172.21430348015363,177.1350011181393,92.05182587323247
146.4280044555714,115.35202356071791,164.39684470386464,175.47045177677322,176.27884152360338,166.15979209998162,166.99270515415313,113.87422578312083,176.3398626660281,157.94752764988866,171.94301453835826,175.76418236072539,92.48137630539922
137.68973990025415,94.52054055792277,175.2784047833105,175.9925470079712,176.17877326387702,165.47081786507175,171.80072279402557,121.31420984719317,175.47545391177897,156.74603009129967,172.73170178891604,168.46746288963834,92.62089691356333
109.2152547454767,65.75589622394865,172.04412843547888,175.9708267546653,168.1090309319017,136.65943475006583,172.72795594773953,135.79785067548843,151.2744796289572,156.33838378945975,172.45695649805774,179.58920090838313,94.10512278451986
92.46070643583901,48.91893792395159,174.6681029592402,175.76616559036876,152.0632904917119,124.89019280222527,4.25567756773332,34.50962686059984,152.7906302978658,162.16456463007304,176.5796155186575,178.62952252727592,92.37421158638793
66.14144711177521,20.047347722651033,164.8947606748577,168.75975483721078,147.31565994012158,126.54902478632894,4.069021156860983,40.25406085350995,149.76386929328825,165.0047281059964,178.77428804506613,178.70583980851075,91.5792600381029
42.602263429800075,12.96252189571248,159.4265773316421,166.74959293111016,144.0510005814562,125.42349991450214,0.8187121650290644,61.41361258311187,135.5412836239875,166.19993689388255,179.90167894815087,177.2864747427511,90.37613442101215
32.578269096492136,151.10635081145398,148.14829510825749,165.76176997967565,143.33646741942005,118.54627564834615,12.637772994973506,136.49037872374512,169.37534510969547,160.8434794421723,165.54367617683036,166.7324224362722,89.85464042738603
25.518510999672277,166.55539842709098,166.17353959885466,166.85745486138296,150.0338139827663,123.19912672208838,22.586187780452313,154.12636540343306,177.3646791512672,156.98408137443988,159.06900845463542,158.93365073413167,89.96577685166753
24.46062275115342,167.79752139349574,168.96694920879003,170.851700324366,162.02129600028627,129.88172369623211,31.545842397625115,166.68627476367627,179.96786890731096,159.53448381312086,163.42560901367045,159.89906742348603,89.54704411066201
23.24774256242471,166.4607420030736,174.3769834110198,174.44921506338105,172.93750152523265,137.36961069789703,41.572297999948006,164.11429887182095,174.3843826351147,161.34914888211893,167.08911521849177,157.87681677916723,88.89499430028151
21.538114749365427,169.2140526130845,170.1734837019755,177.11235338034805,178.70306150839676,145.24997276597625,48.79682240741104,166.53372196531114,163.40436085489924,161.1603992336701,169.22097158275562,154.50505989333791,89.0325434354355
17.254398481216985,170.04115521635788,162.18868726217306,176.73200999088516,175.66993065848388,148.41509737586637,58.13879947183904,167.22842125387623,145.63053376824695,160.74683083384264,171.31067703725307,154.84304306807374,89.0657566488205
11.876044602612524,161.78470492236247,151.69294080232996,175.52844781263335,175.80477389300208,149.36851742916252,64.55722122647924,172.58373356630776,140.97458227934038,158.66934396110904,171.56928603005434,155.19852311602986,89.69687617699331
13.976702319710292,164.26843525439557,150.11790597404848,173.71020559900654,175.88425129269442,149.55092289984415,67.4034900214938,175.45223416434268,122.26108919342262,158.10179933802718,172.20453871608737,152.75165659677467,89.77364973661719
16.204506814854813,169.63294224050472,132.89220409847184,174.35781466652915,174.77091620018007,147.48922334063732,69.4991979052286,175.023811632561,127.48910040771328,158.14448142831083,172.46883818658927,151.8644066986456,90.20177486648326
18.391667443442174,152.08110801023545,150.74522855194155,174.71642181757514,174.88961350731242,147.08874276965454,71.56240239533389,172.9309655852561,131.6032321258339,158.1117131510321,172.29695520574649,149.2127375879875,90.54313014595166
22.222850974528885,143.64533728822937,157.68320199402407,175.18540093802005,176.34333392277125,146.37105070988994,72.63127151979151,168.52694066049796,127.01728394180267,156.21060301994575,170.53974421048562,149.22201092969604,91.75582463319601
26.137492967366526,147.85724304709004,163.4103914753467,175.86510537382165,177.26173499102757,146.18148598111284,69.2116026264345,167.5616675184533,145.64741169193329,155.84556672036737,169.37803010180062,147.80571292738838,92.47692494748566
28.193944062307153,150.3907234878109,165.47149108234066,175.32163900068278,178.54369964737253,148.20183894546722,62.350535254573025,168.3856369040596,164.18386820464258,157.16646493145043,168.55226372668318,144.14725317139226,92.61862380006652
28.97002127042911,156.7050178286758,172.69904670910395,174.8488744487563,179.8095395334432,150.29453034271268,53.04437989821503,171.8600335821733,167.4896594372196,160.04383559152853,169.16008407546232,142.09865282753813,93.02826587277684
28.16621684463114,161.85089472534375,177.51215768395966,172.87591254515212,177.34723914603978,151.47378027303364,46.12114632453009,172.67454938527064,173.78504272240713,161.02982008984728,169.52743144549993,142.4768254687631,93.54735516677017
25.17066466444544,167.79326368073527,172.9252739658209,173.1898058898169,176.4024313233161,153.35100345206837,38.546722308968285,164.7208648312972,178.49848082332696,163.0310568087566,170.70063398241024,145.8941450739444,94.50309079851262
23.60018461327161,171.02021231049744,170.05985353189655,172.16323011297905,174.5995014598782,153.48506493737634,32.43558536631984,156.493411755914,166.43540486323707,161.42450258119902,167.6750690541401,144.96769241955934,95.69030340186661
21.994328227708472,171.25723068188913,165.9756859921743,170.09600300920815,171.09739874687324,152.27075045299966,24.745647236439574,148.80628983173446,163.4404894189668,159.14969741328565,164.92941140336018,146.25842580123208,97.14954082720945
19.255813197074776,174.44460571434792,158.15042888188694,166.8077328571058,168.53790868927823,149.60048099491925,16.3887970528739,144.0307431540539,175.9963841929642,162.18324641200394,165.501749247992,145.06848636579895,96.93053964828417
15.295760945398804,177.01532398436436,166.57053263866214,164.79589182675562,169.29319457406024,146.64311198764395,11.275631771433968,138.65782657517025,171.8553597302568,165.1873775497131,166.24527004239917,150.6063261343041,95.79416121816473
13.776464492117434,164.8757439164386,165.011075196273,166.75826555302467,172.0872716961828,152.8370203139498,6.503586529288389,128.96758630285552,172.4440992531864,166.70941363360578,166.5767259821193,155.0595756807496,95.9549687507976
17.003628693740367,138.13431779659246,172.08850817815488,170.29601657938247,175.0237909643469,150.17868137934397,1.5368044048587255,125.12242334507799,176.26273283711177,165.60906291373433,163.53811557209514,149.6146516403124,97.0106730125938
15.509759798339552,115.02532881918529,166.47608617593988,173.7582658516252,177.84548153895844,150.67720591460443,0.861104946430313,119.26262523963621,171.8583303362823,166.24736906723626,162.4490076878725,144.7693875664213,97.4976824128522
16.41997015591323,79.30588293515657,173.29259189674,175.9530592647335,178.68608313915468,155.44715995835392,2.7757065805599073,113.36215726457793,171.85196375928777,166.0500285648636,161.09000467285685,138.57084745191057,98.23603892232396
19.114769360752593,71.03932786668148,176.00542991142936,177.42675101347385,178.2695267653853,169.91433480978816,3.5493849809069973,110.02679040688137,164.42400795210415,167.23709373328546,160.77756339044055,125.6008365151998,98.28884337610589
22.62670565209839,56.35606869446494,166.55544400205238,177.72998193128535,173.40783786516133,158.67814747757075,5.054976266438734,104.68234877226033,161.4814197662962,169.70304208341256,164.41805635987322,130.2438351863114,96.94508224519568
27.018099574493053,44.855600147465395,178.1241460014068,179.74547767342438,168.8389475796479,145.42065316273363,7.972884991145001,102.3856118045845,168.28027113524658,170.49593951578933,166.7980392557973,135.3096226441276,96.71862951684112
26.660950911071982,43.000959844810644,178.3257069762019,176.2036908041869,172.51042115335312,147.62193169269617,9.93337257741771,100.56758081201329,172.9790668736556,170.86287844398808,167.67869575692524,142.87065948545688,95.43114879454102
29.57363516299903,41.314934872048774,155.66129909969783,174.90297498677222,174.20923063012296,142.05681591255527,13.47442899244848,99.36442235847642,169.0904982347518,171.1920607134779,166.43087387148532,132.93580845973696,94.99440122038624
32.96655452800571,71.33474146862882,179.53242398031472,171.34924419212092,179.4055861078686,144.36671533086414,16.763614836087687,108.38044152449685,171.8228237655996,171.8861326013762,165.13807881227922,128.76986510797542,94.14851459619588
35.36977672615609,108.11660934351411,173.91814887665134,167.59316330509776,175.2908405790645,152.47506919943163,20.42115931860942,114.3809373936057,170.89592401402288,172.10893188863577,161.51102832982806,123.75787123907126,92.20815254232541
36.129786717516374,124.10983906660012,178.2021620409517,164.86067772286552,174.9576023111074,152.24429004474666,23.508286413560533,120.17783036246179,178.7053543626814,171.042155605649,157.28855305320528,122.4774954987346,90.49706327322382
36.08884448273164,130.62672506259932,179.58370996496373,166.59131378427858,174.63230083810615,152.96209594861597,26.4291305343739,127.5353814362043,172.55294161342474,169.7038073336106,152.5939422684452,115.75535633609653,90.49593699688508
37.39793980028646,131.0941324324278,172.65037831624363,166.0245862290421,172.79531334347058,178.11941038385842,28.583162739729104,135.68031735776347,165.1597522054438,171.25622116624692,151.48461385748192,112.2761623024385,89.34781899569393
39.21031862051704,129.09362953742468,171.86649326827816,164.81184008504025,173.33199414874642,176.3789915839462,33.316702184751506,136.65339988802162,159.25692179807487,174.94593715796162,153.37505158695504,120.7558259342158,87.80460170838107
40.0591784509742,129.13866279981323,173.2481930149295,164.8209774244868,173.03722425453404,173.51552333928487,39.46754474720287,135.8462661318068,157.58484165750835,176.26033996780805,152.32856989445787,122.31985487693399,87.09983428659928
43.32374470221514,124.53588215389884,174.27186034240245,163.59651669511769,171.28596055554578,176.25874181601034,40.98682684529013,140.1549692895686,162.16375330505923,178.01241956525612,148.60579659034772,119.42250343427126,85.56786251066283
47.80682248550438,115.97314038498692,174.24439159254482,163.19343623123515,174.64710788715502,179.3899584242615,42.748002500413925,147.79249986262454,168.40606576034384,178.19144987196552,141.75429983277343,120.84032672279413,85.34987798707665
54.54795895630171,101.40326378230502,173.60554829423015,163.9460569620119,179.11471096461656,174.1603123861498,44.45880693483772,155.30669742755788,166.6647017061976,176.51765407094567,135.78372432675246,119.70845739953506,84.93201792710353
55.94191057256769,89.93405233983108,178.12760691704193,165.6133191809099,178.80564521131686,171.23227151413968,46.5307351844671,157.60670553534283,167.36325294838255,169.70228674133904,124.43416078239916,112.17880777383256,85.42057634486159
